0,3.06605560379
1,-1.91047271144
2,7.83071067105
3,-2.18086241248
4,5.46278401503
5,-2.26636339397
6,-3.24353805168
7,-0.90021813011
8,3.59849686493
9,-5.57442750572
10,-0.735539337107
11,2.14857563452
12,-2.41934733298
13,7.97454558887
14,-0.219508419932
15,3.16801174737
16,0.584484032192
17,7.13714265322
18,6.89566017242
19,-2.95197768051
20,1.71655446109
21,0.679044918965
22,5.32674861972
23,4.24985630415
24,-4.32139669169
25,-7.44879912945
26,-0.552751359345
27,0.502465907702
28,0.235810058544
29,-6.16359620658
30,7.41614940892
31,-2.93071818863
32,1.18901593357
33,9.31410282052
34,-2.23629887129
35,0.405215470282
36,6.49401831216
37,-9.90881144356
38,1.31426485169
39,12.2817449912
40,5.62757965645
41,-2.40958420866
42,-0.68760340657
43,5.36334421447
44,6.73204995354
45,-0.279218653631
46,-10.8882376367
47,3.14593170475
48,4.87889922981
49,8.15545050969
50,6.89541678062
51,1.19375131827
52,-2.24131651792
53,3.37502176015
54,4.44391368222
55,-1.03410580773
56,5.62353639138
57,-4.65546574494
58,-1.12203646476
59,4.07928908797
60,-2.07272655466
61,3.94493472872
62,5.61384256078
63,6.47519493137
64,2.31878090379
65,-2.056343318
66,-8.53445800662
67,-2.71644674005
68,1.91744362408
69,-3.2428357881
70,25.8742038686
71,-2.15914501853
72,-2.22096078552
73,2.99838108809
74,6.37983151305
75,2.8923200713
76,8.49687359153
77,3.15413709258
78,-1.12426259348
79,-1.2651420749
80,-1.49806343389
81,1.56662980715
82,2.96405605457
83,2.48646258801
84,-0.597424556583
85,4.27577667161
86,3.5303736317
87,5.65223889959
88,-2.26375948404
89,0.601867521559
90,6.03114030524
91,-10.8744079643
92,-1.74625904633
93,-0.0462167908064
94,-3.27533568672
95,17.2072214091
96,-14.8884968513
97,0.957696676512
98,-3.56981175339
99,-4.0839308767
100,-0.946130096022
101,0.592856274115
102,6.17025987896
103,-1.73831417599
104,1.33024413253
105,4.08635524931
106,5.02685211091
107,-1.34618666991
108,-0.100026778078
109,4.12301951924
110,-0.470942816212
111,1.17737677444
112,-1.85787475978
113,-7.36228462051
114,3.3184631333
115,0.939804891687
116,1.43806412557
117,7.43850986023
118,4.95055244049
119,-1.51144933264
120,-5.86273211234
121,0.187405846252
122,11.5590582822
123,7.34212534109
124,-1.03891323773
125,0.107752190313
126,9.05924593051
127,-4.6664851507
128,8.33808082054
129,-5.61618799135
130,-0.972931170851
131,-6.57437379344
132,3.81585945302
133,3.26077232599
134,0.456348932831
135,3.55769183609
136,4.09101557738
137,3.96592763114
138,-3.39940601463
139,0.84050440435
140,4.99449659963
141,-7.33300583169
142,-5.06289868478
143,0.345458146801
144,-7.28620798881
145,0.852394088834
146,5.1672177493
147,-0.62482361046
148,-9.63529044607
149,-3.92124866889
150,1.37959709272
151,7.67879076186
152,7.95615670498
153,-4.37423363591
154,5.83580009069
155,-9.4507910554
156,2.84860641759
157,2.8678410334
158,-0.632741239035
159,-14.951461538
160,-3.2729484905
161,-0.0516230483908
162,-1.73514007688
163,8.51575601954
164,-6.66985448155
165,-2.60178495426
166,-13.1532492004
167,-3.08632975546
168,-13.0940148859
169,-4.58552223468
170,-8.02593846377
171,7.44620062833
172,6.9290601695
173,8.99301177825
174,-2.19365607489
175,-1.28415466085
176,5.0080414479
177,5.03392461987
178,-8.81018191596
179,-2.70711135612
180,1.88599712219
181,1.62631883667
182,4.02404853696
183,-9.00352843485
184,4.29493897047
185,2.39358962374
186,2.64593657029
187,5.20330490131
188,-2.36023642053
189,7.36281560898
190,4.05718619613
191,-2.79270888262
192,-3.15516730588
193,-0.159861361096
194,3.51440120345
195,-1.18711100391
196,-6.109211672
197,3.03358773002
198,1.42129210371
199,4.7019148705
200,-0.366036972327
201,2.00390757074
202,2.24855645744
203,-17.1663211934
204,6.56329046839
205,3.5963532155
206,-2.20915504079
207,-2.86696987076
208,1.85130821094
209,-8.51348710718
210,-14.4029757259
211,-6.51046121425
212,2.93959569861
213,2.15688623345
214,4.77820980981
215,10.8524900901
216,1.55762978527
217,2.64647349149
218,-6.54349738827
219,-1.55089779994
220,-0.582810441657
221,4.92740832228
222,5.22359443418
223,-0.401102964728
224,-3.84552539679
225,-0.946463197407
226,-0.799718145347
227,2.5655653851
228,6.96797337306
229,1.77859670911
230,0.71639327365
231,-2.39851084734
232,12.7851404626
233,6.46922024033
234,2.92782347326
235,-6.82024037651
236,-2.12173777336
237,0.961519042028
238,2.21702104057
239,14.2994196533
240,-6.77589810829
241,4.10851981292
242,-0.579846265071
243,-10.4287055323
244,7.78702916307
245,2.8363456584
246,-2.14143485776
247,-5.61501653213
248,6.08971109891
249,5.82344154254
250,-2.06045467667
251,-1.78201189976
252,-1.88425762811
253,4.75474865046
254,1.93595844812
255,-3.41390528592
256,-3.39278391945
257,-2.76131381085
258,0.98295458163
259,-0.199702132165
260,9.30402938817
261,18.3791353922
262,-1.95942613356
263,-7.98616986756
264,0.162423134329
265,4.50154250974
266,2.66688064147
267,1.37262734972
268,6.51837330442
269,7.65047559625
270,-6.65195178012
271,2.49611263282
272,-1.45244137973
273,-2.82192857874
274,-12.2788876071
275,0.348337361451
276,-4.13504482337
277,0.239505250884
278,-7.47527439745
279,3.01658155755
280,4.53052125117
281,-2.2504008615
282,8.41540079528
283,-1.79118021811
284,-0.829763933322
285,-1.53932707511
286,-5.27079250486
287,1.10926781786
288,15.9800729943
289,0.911098317415
290,-1.5500017102
291,-1.63891667595
292,18.6744649307
293,-5.69752948115
294,-3.54090281732
295,2.75741514984
296,8.62696977669
297,-0.744148640174
298,-0.121559098025
299,-1.08512317216
300,3.52485850863
301,0.455264821712
302,7.16796748172
303,-2.32579009691
304,13.9658339588
305,-2.04838802429
306,-4.06942072907
307,-2.01278886745
308,5.18521174223
309,3.74657481514
310,2.15285825477
311,-1.04203012531
312,5.87855290574
313,-4.66292138491
314,-3.99950568381
315,3.75026192874
316,6.77422801954
317,1.73431047014
318,8.77344276865
319,7.05802788138
320,5.93020506126
321,5.37424920287
322,0.0218304886926
323,-0.367109880569
324,5.97656407824
325,5.64238531308
326,5.77961877458
327,-6.69954926566
328,-0.417870349391
329,-4.92215074481
330,2.59529999757
331,3.38640592178
332,0.195980225865
333,2.41556839645
334,4.7448423372
335,4.53443016478
336,1.44498212086
337,6.93613113624
338,2.95254266976
339,5.95589654207
340,0.434428250478
341,7.57230047308
342,11.8478192936
343,9.45858045521
344,1.42025561867
345,3.17221681257
346,4.10528764705
347,-0.570396810992
348,-1.08168577533
349,7.1882099138
350,-5.49234293467
351,3.59655475883
352,-6.65809957132
353,-5.9700755264
354,6.9836879251
355,-7.223555098
356,0.198584134643
357,3.64140946122
358,5.4564644286
359,10.464781977
360,-2.38803042819
361,-1.12672798293
362,-0.279508965474
363,3.22715808849
364,-0.54419796415
365,-4.89879890409
366,1.30257922201
367,2.05797136888
368,6.5164831748
369,0.501917949744
370,-3.51381587672
371,7.04587105497
372,6.68778665793
373,3.71890358442
374,-1.0766542965
375,3.8325378641
376,2.66668076153
377,-3.30018429101
378,-1.90796534773
379,1.33270559149
380,0.807817191633
381,2.76130703533
382,11.6176230376
383,10.4811083805
384,-1.770982921
385,-5.0438994438
386,-0.937499723841
387,-0.25691031021
388,3.03886952428
389,-0.966181945891
390,5.20041990987
391,2.98457865698
392,-1.64240386583
393,1.13606828864
394,6.76913767642
395,-1.09511701744
396,-7.80277842056
397,6.51789328997
398,-0.540666503367
399,2.7279352117
400,-8.45491264972
401,2.34916912261
402,-1.72739218064
403,4.98219207059
404,-10.4788162446
405,-5.23616141891
406,1.87265582991
407,5.81435122158
408,-4.93472784625
409,-6.74944717417
410,12.4662076353
411,-3.73136033636
412,-4.78330912643
413,1.33860101454
414,1.20099201631
415,0.968798888615
416,2.91022709225
417,1.2680969414
418,-9.08627566718
419,2.88311196623
420,6.33360498983
421,9.35575153791
422,3.88449103763
423,1.25064596913
424,2.65153906173
425,-0.429610476629
426,-4.98705197577
427,-0.491553317221
428,-6.5783638544
429,1.13235909152
430,-3.72913098426
431,-0.811851188089
432,-11.0156037293
433,-0.0175202478536
434,1.73258568736
435,2.55037942842
436,3.57882452139
437,-2.56308293849
438,1.42825922453
439,-3.6575281236
440,2.94749610659
441,-2.7059372471
442,-4.35806250663
443,9.5091757058
444,1.13494797083
445,-7.15058879088
446,-1.54616128873
447,4.09547800593
448,0.317560241758
449,-0.13580138456
450,-3.81247532378
451,-0.613076094926
452,-1.13716395115
453,-1.40600609506
454,-1.64890281196
455,-4.74583662123
456,-8.60240510167
457,3.68878696701
458,6.0632354001
459,-2.97021027563
460,-4.22147204032
461,-1.13992983166
462,4.26143390597
463,4.5156396216
464,-0.0754883018302
465,2.0127544557
466,-2.90212359116
467,2.32159437787
468,4.90882723754
469,5.8031311681
470,2.8546571963
471,3.87833467425
472,7.06877244258
473,10.5739740161
474,-4.66472868725
475,2.27436037089
476,-4.59407959821
477,1.30483425438
478,15.4372191863
479,8.99512437569
480,7.55001770727
481,3.67483238404
482,-0.118608578318
483,3.80733603297
484,2.79756794267
485,-1.3332138015
486,6.72092362524
487,3.49930444292
488,4.53204473624
489,1.12285296334
490,0.0161293827796
491,-3.66372297294
492,2.59060075636
493,6.44485265142
494,3.73111046464
495,3.72351465321
496,7.40315367596
497,1.06423093766
498,6.93908460405
499,1.02137637185
500,7.08488707947
501,0.579386662739
502,-3.0842961092
503,-9.98375568449
504,-0.288134304546
505,1.67591638191
506,6.74405514849
507,8.55780293042
508,10.2173290611
509,11.9287519245
510,-1.30440188586
511,-1.37334272059
512,3.19003882978
513,4.04282312447
514,9.01724356297
515,4.25076557973
516,5.67803281387
517,2.47804193499
518,1.50559883012
519,10.2324519211
520,-0.478652858925
521,-6.53589202855
522,6.70914844725
523,-12.1650967979
524,8.85334114333
525,4.00589038808
526,-0.131456521459
527,7.700135282
528,-2.15151199022
529,5.99962587853
530,2.50139059646
531,4.5030090681
532,-5.02914927132
533,5.97537637701
534,2.55434742833
535,3.98565653819
536,0.194145768934
537,2.66059626445
538,2.48271936493
539,-2.01406176232
540,6.30239232812
541,1.72842655218
542,4.3581177678
543,1.50154750083
544,2.23287450587
545,-3.46369300787
546,0.373088685577
547,1.96470546248
548,7.60676101031
549,-0.436796891323
550,1.88584605537
551,2.66709542861
552,2.34043699299
553,-0.342600251199
554,-9.75824538708
555,2.59016654223
556,-2.29960216139
557,-2.40881738672
558,-5.92794251086
559,-5.18777072712
560,-9.55508863408
561,-2.11286567625
562,-4.0607930051
563,-7.35008328156
564,9.97594350091
565,2.16919095319
566,-6.85518709513
567,0.160026794613
568,6.34456442009
569,4.6210298322
570,1.15544726502
571,-7.89372098754
572,7.78036134386
573,-2.37859536326
574,-5.17331961168
575,7.79431090787
576,-13.7033477849
577,3.08282639114
578,-1.9870365823
579,-0.118554848883
580,2.4454972573
581,-10.9774512096
582,-9.10895480167
583,-0.62263775099
584,3.74704877022
585,-4.14545179072
586,5.07666178908
587,8.24787432236
588,4.77231567259
589,-0.858816615295
590,7.2629857843
591,-0.21767375854
592,2.58548062224
593,5.82588432334
594,3.27649041693
595,3.17297889997
596,5.4975230509
597,-0.83970183471
598,-0.387808366869
599,-2.61989643905
600,-7.0599111049
601,-0.648639681586
602,-1.8709098121
603,8.89488764908
604,7.51470717927
605,0.690883602929
606,-0.407958439709
607,-1.0264023245
608,-0.893984505712
609,2.2774819569
610,-0.135856266461
611,7.35098917454
612,-11.326880803
613,0.251731735811
614,3.26960866211
615,10.3330489232
616,-0.0434489226035
617,6.64884562177
618,-5.46966843003
619,4.42140142942
620,1.00624761907
621,-2.06764336629
622,-1.88326950107
623,0.591743615064
624,2.2090781442
625,-4.91554162176
626,8.76338132893
627,4.4240329361
628,0.7395006602
629,1.12476301919
630,-0.956332114475
631,-8.01266153056
632,-1.65425180194
633,0.774210747578
634,1.78126447247
635,1.3663689856
636,5.43310438923
637,2.3688667134
638,7.76404970825
639,1.26732283605
640,6.02734887397
641,8.33456715039
642,-5.40569606784
643,3.72996638327
644,-1.44778571083
645,-3.17729825101
646,-2.41993128255
647,3.13467006704
648,-0.649311577037
649,-1.1770181948
650,5.14821649893
651,-7.36365482262
652,2.02445685672
653,-0.375811892723
654,7.65732022709
655,3.48710342523
656,3.39296264086
657,-0.691347528137
658,2.70880747654
659,0.377539036932
660,-0.140627074578
661,3.38077641866
662,1.59717772554
663,5.22967089697
664,4.16821566017
665,-6.5017641696
666,2.40572042095
667,1.4817095172
668,-4.80849712936
669,-1.80921884835
670,2.71022113623
671,5.90091938358
672,0.742201917445
673,1.90300091059
674,-2.72382481114
675,2.21171001515
676,-4.92918378057
677,12.1716445137
678,0.294330319297
679,1.73570283098
680,3.6733103411
681,0.366667974781
682,-3.77758809218
683,1.97371601322
684,3.21132490207
685,-2.69176725368
686,12.1815691431
687,2.64699557445
688,-6.19538096056
689,4.12638633962
690,3.87380076942
691,-0.604190940606
692,-0.28932171921
693,6.09066434656
694,-3.63396775023
695,0.954206505144
696,4.99033428152
697,2.15069101501
698,0.0923271378712
699,5.34185646455
700,6.21525320183
701,8.53993505555
702,1.80816404222
703,2.17692321983
704,-11.7462991414
705,-8.26828349939
706,0.331452847152
707,-2.885439746
708,3.655083274
709,4.60762892738
710,6.40349883371
711,-4.54784650071
712,-4.36024384858
713,-5.5191178021
714,9.51391431876
715,0.621667161896
716,-6.13862342937
717,-0.50528379472
718,-2.9655968029
719,-4.90219499414
720,3.66640931241
721,2.64219710961
722,-0.607638772987
723,-3.2978159023
724,-3.75268231326
725,-4.91275795717
726,4.24603336014
727,2.96065367212
728,2.52480428491
729,-2.02464297332
730,-5.34962366339
731,-8.63714534732
732,3.13450298348
733,3.53694266802
734,6.90688320803
735,9.57468480197
736,9.41574035812
737,-2.60881756761
738,11.8268568237
739,7.83737582754
740,2.18688734223
741,2.5228174503
742,-0.999394619201
743,3.49597674018
744,1.66695535352
745,4.74637573767
746,-3.27454279498
747,-0.100059210263
748,2.2552430893
749,3.94552586754
750,3.47510244008
751,-9.18353397313
752,6.59834060572
753,-0.524035687183
754,-7.68754473389
755,2.60854268754
756,1.67706658382
757,-0.168979171759
758,4.29503947361
759,3.86684293197
760,0.0476004080694
761,8.35337539349
762,4.16480473031
763,-0.0490615753517
764,-0.533973682291
765,-1.39978977722
766,-8.76105947501
767,-11.5229400599
768,-0.458959866973
769,3.03393175596
770,-0.272250895271
771,-2.95147712748
772,-0.201883350598
773,7.44593991317
774,5.31834922919
775,-0.150558046405
776,1.73913416929
777,1.36713590871
778,6.47127149904
779,0.674171241319
780,5.76761965541
781,5.14304134834
782,2.83335188454
783,8.66858846238
784,-1.44039401601
785,-0.386918096979
786,-0.601531134983
787,-10.6584519911
788,-6.92015754903
789,-0.926706516213
790,-5.81795798626
791,-1.2994255217
792,8.02723192126
793,-0.284130450092
794,0.559812530109
795,-0.00756459871636
796,-6.61415699832
797,5.89073759449
798,7.92371172405
799,3.68296887633
800,0.417321397606
801,-0.82599789533
802,6.46332634733
803,3.81426185111
804,-1.45786268737
805,-0.543708385322
806,5.95307372515
807,-3.44429127638
808,2.94871466254
809,-2.58238236477
810,1.28634262905
811,-0.0196412710647
812,-0.240344242053
813,-2.14503692379
814,4.92703080154
815,1.78893707149
816,2.46963497485
817,-4.69897279553
818,-3.30265578063
819,9.19819865899
820,0.656782698013
821,-6.84746517457
822,2.1811910696
823,11.7884812159
824,-2.27602640777
825,8.0921260829
826,-5.98918296333
827,0.076793500704
828,0.404682963999
829,-4.99769782944
830,-0.581800609526
831,2.35048063975
832,2.22680143884
833,6.3791765914
834,-3.54726145986
835,1.57414903352
836,1.50554402047
837,4.29724074307
838,-3.40368940465
839,-1.0665103785
840,-3.20052005605
841,3.45350049587
842,-4.51036755973
843,7.06199254097
844,-3.78624918176
845,9.08385700157
846,5.71142053649
847,1.37332018235
848,-0.461963658814
849,-5.68075257118
850,-8.29484144583
851,1.78580685024
852,3.45937028391
853,-6.15700939611
854,8.0665575141
855,-4.78272768446
856,5.50436213548
857,9.92754711482
858,3.41619877451
859,-2.4055946067
860,-0.371475887454
861,-2.23503650777
862,-2.9533022875
863,-5.43424295559
864,0.535772488442
865,-0.0746929293093
866,2.78769421711
867,-4.12505083201
868,1.15347242812
869,8.20853016042
870,4.07996164927
871,-1.49839937647
872,-0.746623007384
873,1.58937172958
874,-6.89400797356
875,-1.4230420526
876,8.70891692842
877,8.87472951051
878,2.93013791046
879,13.9743511375
880,-0.468299250563
881,6.8504118038
882,-1.09838521188
883,2.95323718604
884,-0.259124476564
885,3.73335221108
886,4.87319789634
887,4.90792506848
888,3.9869430803
889,0.0876156558263
890,-2.28589028667
891,8.74809260459
892,9.75681123352
893,8.4885386673
894,-4.03910224203
895,5.69538621493
896,1.44992446341
897,-7.46042497043
898,1.14932950843
899,-4.00164531729
900,-0.159437422032
901,6.2047116165
902,1.1875737063
903,14.5286288326
904,2.6735609457
905,-3.28030338692
906,-0.944181338941
907,8.21945717946
908,0.921863820361
909,5.14883863678
910,3.61484199258
911,1.59350294425
912,0.155845400597
913,17.7959667722
914,4.28313136098
915,5.13161759747
916,2.71106576119
917,-5.65221960556
918,-2.29307237451
919,0.660042732402
920,-5.72923069961
921,3.22763522332
922,1.74588766077
923,8.7728867428
924,2.04064486942
925,0.528137742298
926,4.19217639015
927,-0.0938551149314
928,8.02896707282
929,-4.81152639902
930,4.54408856901
931,-1.21968746727
932,1.30030947968
933,4.3430262842
934,-1.17004145513
935,7.05737179318
936,0.248348993596
937,1.34256411578
938,0.89094568781
939,1.94022072524
940,-0.455480109269
941,1.85813854311
942,3.70840788383
943,0.580252596654
944,-1.62714017608
945,-4.7927820133
946,6.19741311988
947,0.304560963763
948,-2.77262449736
949,7.85355123102
950,-3.07907147328
951,3.48893840026
952,5.22604649562
953,2.84324659905
954,3.93930291106
955,-0.99165235826
956,6.66076162797
957,-0.782328294648
958,-2.12935345296
959,2.76113892629
960,7.52797590227
961,7.5999179629
962,3.55049226572
963,4.96629197991
964,1.68234985498
965,1.5647370266
966,-8.94844932238
967,-3.17169178656
968,1.36393857084
969,2.1783684805
970,-2.9358396791
971,5.16803615928
972,0.842106560006
973,-8.51999563947
974,5.02977309613
975,-2.48166964439
976,-1.36697606709
977,0.723500789188
978,-2.28806318822
979,11.6537545699
980,-5.40547727367
981,-0.310109849673
982,-5.51786323722
983,5.28336113765
984,2.42031712852
985,-6.60846281562
986,-4.78026443928
987,0.242279305412
988,1.47193200173
989,-3.80659697083
990,1.79738088688
991,2.69440206029
992,-0.198507925821
993,-1.36333464003
994,0.00252357555362
995,7.17790079533
996,-2.23326498641
997,2.53013541362
998,2.93983118801
999,2.92074498023
1000,-7.43646893679
1001,5.35939525803
1002,6.87112559636
1003,-1.74759688083
1004,-0.920082035767
1005,-0.0965118075759
1006,-6.99532380185
1007,-4.2614188428
1008,-3.4450487156
1009,7.68545618531
1010,6.74223053668
1011,4.40491733206
1012,-21.0682917231
1013,-4.03297092429
1014,-0.108959110238
1015,10.4375700169
1016,2.71544348197
1017,4.20991900886
1018,6.34090791769
1019,-4.67441841269
1020,-3.90149228141
1021,-7.45250814538
1022,6.86540274022
1023,0.522255395225
1024,5.77836319646
1025,10.5192715671
1026,5.7611313324
1027,1.41998098806
1028,1.57694502991
1029,3.02911268295
1030,-0.471054889361
1031,1.56373520998
1032,-0.0415334469676
1033,-1.13219477386
1034,6.34618182999
1035,0.935095257491
1036,7.22898781812
1037,1.0592128693
1038,2.27505328965
1039,2.23546780162
1040,5.08205722664
1041,4.70658216593
1042,6.56862973943
1043,-1.81972604466
1044,2.27198099984
1045,1.43213112142
1046,0.980999363836
1047,11.7937923081
1048,-3.59305597191
1049,4.90373585786
1050,-2.95370005254
1051,-4.61359954196
1052,-1.2137891466
1053,1.18431129382
1054,-3.79802348329
1055,7.63528950823
1056,8.02435787228
1057,8.5676018291
1058,-5.04366035828
1059,4.18425288813
1060,10.2088822322
1061,-3.36854402832
1062,3.99580597258
1063,8.65749227413
1064,13.2005497478
1065,5.09357993152
1066,4.03733453336
1067,10.8596947295
1068,-3.59659773296
1069,5.03344137576
1070,-2.36067207755
1071,3.63488944325
1072,0.212069477631
1073,17.0120414842
1074,7.98345305337
1075,0.512603005417
1076,-3.49336014135
1077,-0.623723524357
1078,3.43025908665
1079,1.11869114822
1080,1.082552389
1081,-1.3777760022
1082,6.00721425119
1083,5.07045857871
1084,2.84182059675
1085,-5.1047721914
1086,3.7094942737
1087,3.44006939498
1088,-1.68138940933
1089,6.83548732267
1090,1.48788168879
1091,0.25153659951
1092,-0.600226659135
1093,1.55731233276
1094,-7.92846184377
1095,7.09453409114
1096,15.1778035356
1097,1.72698125194
1098,0.381861395137
1099,1.57411246191
1100,-3.22910707487
1101,-2.17267701046
1102,8.55453550883
1103,6.18677048009
1104,8.45717802804
1105,3.30458316167
1106,7.07952975769
1107,-3.82532563234
1108,7.53754594379
1109,-6.21966630946
1110,8.52771361622
1111,-4.4694648434
1112,5.27155623262
1113,-4.08122178078
1114,-8.30014549215
1115,2.79206625294
1116,-0.573359262519
1117,6.41103186908
1118,3.11611592769
1119,-1.30406230128
1120,2.24703513818
1121,1.94996272197
1122,-7.98292276437
1123,-1.56145923683
1124,-0.91825463383
1125,10.7665990391
1126,-0.345237461409
1127,-3.08561949209
1128,3.41318434356
1129,4.58695431267
1130,-2.44353766231
1131,9.22802209684
1132,-5.13174174865
1133,9.48418477952
1134,0.196316473173
1135,-2.55994231241
1136,-1.59188860381
1137,0.165966743148
1138,0.822049413819
1139,-1.82872837581
1140,5.13911980894
1141,1.72382168829
1142,-2.4239505162
1143,-2.98675006262
1144,2.51957684191
1145,0.947521396224
1146,-0.255863084741
1147,1.81635226989
1148,-2.5212614883
1149,1.5186454719
1150,5.11773588575
1151,-2.68381943226
1152,1.85462303216
1153,15.0971925444
1154,-5.9619214929
1155,-1.58249911657
1156,7.39410265452
1157,1.02764830435
1158,2.3621482379
1159,-8.81509477378
1160,-0.484565278527
1161,3.85010377005
1162,-4.00940865392
1163,2.67235308411
1164,7.68624837205
1165,-4.07393537032
1166,14.630494452
1167,0.229952740937
1168,-0.210429908751
1169,-5.94191180129
1170,2.94970502016
1171,1.04398709906
1172,-0.359257678341
1173,-3.10596406978
1174,3.82926674324
1175,1.76430360344
1176,-2.7105181583
1177,-1.6650403163
1178,-4.66624537835
1179,1.65982150721
1180,-15.3236597503
1181,-2.39422202878
1182,9.41365525425
1183,6.07641071069
1184,2.26322231072
1185,-17.3718530289
1186,1.17697051257
1187,2.67006879567
1188,2.89631849106
1189,11.8679623543
1190,-13.2721194663
1191,-1.55797230577
1192,-8.4557896385
1193,-0.113655893287
1194,-0.229472750422
1195,2.24632591573
1196,4.56998026224
1197,7.07606791993
1198,0.589884109079
1199,1.15409354705
1200,2.80033356135
1201,-0.645720169573
1202,-0.943671775916
1203,8.36497797258
1204,-0.906039449682
1205,4.88795643193
1206,9.84287536836
1207,-4.18864186291
1208,-2.55797879853
1209,-0.331225229706
1210,2.90840769394
1211,3.10373088443
1212,-7.58078909799
1213,-0.0516158911348
1214,-3.53738757958
1215,-5.90657571404
1216,-2.24871025665
1217,-3.82568296857
1218,2.04238711414
1219,-0.633189107387
1220,-2.5360146439
1221,7.55373237789
1222,-7.86950447241
1223,-7.89313275497
1224,5.39875310225
1225,9.92214255701
1226,4.89436697108
1227,12.5664562947
1228,-0.729788336166
1229,-7.85407548164
1230,7.09413507734
1231,-1.48641621445
1232,0.994339524041
1233,6.63111835172
1234,-4.95760361368
1235,-2.38177073939
1236,2.9656248894
1237,5.60539029922
1238,-2.78614699595
1239,3.16987895793
1240,6.15551578393
1241,0.543639472772
1242,-1.74935729842
1243,7.15830347754
1244,3.05803626607
1245,3.88358410345
1246,3.35746665702
1247,4.1861667998
1248,-2.3942996721
1249,1.65887712242
1250,-4.86318490022
1251,4.19555064348
1252,4.72437176716
1253,-3.16577211358
1254,-0.287503042071
1255,0.97533621437
1256,-2.53501796668
1257,1.80959584473
1258,7.431107751
1259,7.41771630782
1260,-8.41269708342
1261,-6.80474730031
1262,-1.47283026614
1263,-3.47609524616
1264,1.12433376247
1265,3.71258503326
1266,4.97196377587
1267,12.3988153713
1268,15.2573647198
1269,8.96464409357
1270,-1.235283601
1271,-0.262171661336
1272,5.64586486176
1273,3.29963304369
1274,8.24632257976
1275,4.25305837328
1276,6.74698493218
1277,-0.125018249118
1278,-3.41589640957
1279,3.9410114151
1280,-1.47188182106
1281,-1.02184692374
1282,8.41820111699
1283,3.45114795236
1284,-0.719866636492
1285,4.79501762127
1286,2.20654909475
1287,1.26845745249
1288,-0.389221439782
1289,-1.94319290059
1290,-15.6638836552
1291,1.93483986229
1292,9.98792564538
1293,-1.31666603681
1294,-3.05435205079
1295,-1.13180466873
1296,-5.25113624439
1297,-0.545204724827
1298,8.72803063386
1299,-1.2809450654
1300,3.5294859056
1301,1.10745242847
1302,1.83645653699
1303,3.59389071527
1304,3.20923576031
1305,-3.0803305046
1306,-0.0390220017916
1307,-0.251954178858
1308,2.56966881038
1309,-2.13926187416
1310,2.37466101313
1311,-0.23419928225
1312,-0.306461313884
1313,1.52726673618
1314,2.16167846194
1315,6.72116361704
1316,-3.06752707335
1317,0.282300844987
1318,5.86146518367
1319,0.620641281562
1320,-8.54795976138
1321,-3.52220482968
1322,-6.178691454
1323,4.33191222392
1324,2.84908352425
1325,0.808762952951
1326,9.33728525029
1327,-0.532334171238
1328,-6.45300002689
1329,-2.78309599387
1330,1.24536749685
1331,7.97644851274
1332,3.59166617126
1333,6.22495583182
1334,7.24177127009
1335,-3.40572636049
1336,10.3382854271
1337,-1.33619958844
1338,-2.54478688987
1339,-0.951236940941
1340,-5.77264576644
1341,-6.62169533748
1342,4.17973286473
1343,8.45811438318
1344,-3.69377129353
1345,-5.88668570657
1346,7.51879610173
1347,0.476785022864
1348,-3.51247283176
1349,4.37826772873
1350,-0.184820836548
1351,2.94358753319
1352,-0.0833520120697
1353,10.9868279362
1354,4.13366629824
1355,1.0964105928
1356,3.84269463934
1357,1.3009245763
1358,-2.05778698921
1359,3.0771139417
1360,-10.1466693503
1361,4.98557995941
1362,-4.52223356511
1363,3.40972716103
1364,23.8562992082
1365,1.54678549318
1366,-0.881545842955
1367,-6.42788961515
1368,-11.5430758342
1369,-1.47800796279
1370,3.5832954881
1371,-2.80643518735
1372,-15.5191508226
1373,3.32589757501
1374,-4.53648859108
1375,7.74154715897
1376,-1.79268015862
1377,12.898197364
1378,3.94467501773
1379,-0.367679146959
1380,5.85408211068
1381,-4.21274886878
1382,5.94707186948
1383,9.24200443817
1384,-0.891448188005
1385,4.04081741305
1386,3.52137748027
1387,8.04037171644
1388,-0.00430061039892
1389,-1.45926257867
1390,0.356637814709
1391,10.7762927925
1392,0.0326212700208
1393,-4.75305745459
1394,2.00065309445
1395,-3.18948112264
1396,0.123574150722
1397,-5.05310133791
1398,8.02849236987
1399,0.463751809247
1400,-0.810912725644
1401,-1.46469870405
1402,0.154391140053
1403,-2.67334436069
1404,1.6759808863
1405,-3.00961877642
1406,5.75753201474
1407,4.45488330144
1408,3.80374933393
1409,3.33845955016
1410,-5.68812771659
1411,8.5316106658
1412,12.5937164399
1413,-0.325647270273
1414,3.1198902588
1415,-1.31560817411
1416,0.517058331036
1417,-0.98066396324
1418,-0.0554712875673
1419,5.25915678526
1420,0.976720972448
1421,-3.067987466
1422,-1.15180840283
1423,2.90353537192
1424,12.1591529484
1425,-8.71609321233
1426,4.76656364471
1427,3.91731886101
1428,-0.857128628215
1429,-0.368781792677
1430,6.3886917676
1431,3.86841302882
1432,2.1739893072
1433,0.287307557919
1434,9.33471884193
1435,-4.2530122063
1436,-2.34305152194
1437,2.5404515001
1438,11.1667787469
1439,9.84065888258
1440,3.03194533331
1441,2.34269819444
1442,-3.02977074678
1443,-3.25272335133
1444,6.10762032195
1445,5.57423645425
1446,5.72126046947
1447,-6.31549890472
1448,7.25802139336
1449,3.73211683805
1450,-5.09879860138
1451,3.60401167242
1452,-1.91611037191
1453,0.48285487
1454,1.8160980928
1455,-0.815408026193
1456,7.82372221853
1457,4.08138858327
1458,0.573810228323
1459,4.43443811361
1460,2.07364736249
1461,5.99842043718
1462,3.3164276576
1463,-2.55227624054
1464,-5.06989041552
1465,-9.27854691986
1466,-6.94778252729
1467,5.89172866158
1468,3.18290523013
1469,7.09728688385
1470,1.43469387804
1471,2.04709739401
1472,3.39621486446
1473,1.94534246571
1474,3.07165205173
1475,7.7373791252
1476,7.08038083958
1477,9.02226820421
1478,-1.23485633344
1479,2.63449726789
1480,5.61178257071
1481,-0.0160912974159
1482,11.2990803657
1483,6.22181952236
1484,0.0130659611605
1485,-2.69679746304
1486,0.0897690888727
1487,5.70774860403
1488,5.28300868986
1489,11.9352067271
1490,5.48399844331
1491,-3.34276566165
1492,1.40140741969
1493,9.44189299719
1494,-0.548539711063
1495,3.76901702384
1496,-14.1257008081
1497,-0.874035680738
1498,-1.37562039921
1499,5.8130404771
1500,1.99711296295
1501,6.20625693391
1502,5.68123908345
1503,-0.501162739877
1504,-3.7058701042
1505,4.72087402805
1506,0.55588456881
1507,2.86400376362
1508,4.45613626816
1509,8.31541101665
1510,7.0613729303
1511,3.43471973077
1512,0.880411831324
1513,4.56225740751
1514,-4.41930939202
1515,4.3319348821
1516,-10.8077409205
1517,-0.446279663882
1518,2.17585192008
1519,-1.57583289758
1520,3.35463092577
1521,2.22583707527
1522,-1.58283913782
1523,1.90906659137
1524,1.24409707649
1525,3.4570971239
1526,10.0859464397
1527,-3.23958783279
1528,6.14661847826
1529,4.45525099491
1530,2.86428508502
1531,1.27317778937
1532,11.6718922369
1533,-0.179064217801
1534,10.4336432276
1535,7.02704437561
1536,-2.03300462013
1537,1.7900367895
1538,0.448835147625
1539,5.31892113237
1540,3.61158623239
1541,1.62481074372
1542,6.37100876522
1543,7.0998908558
1544,-5.69760637946
1545,-13.5416717085
1546,8.61885473906
1547,2.483675214
1548,3.50525413323
1549,-2.67091009002
1550,2.47383995362
1551,6.74602491901
1552,-1.1769685736
1553,2.85166754605
1554,2.94723096308
1555,3.1005347301
1556,6.89832043719
1557,-6.06060954645
1558,0.0224928134238
1559,-9.33807400564
1560,-0.176938458335
1561,8.01193819674
1562,6.10953656574
1563,12.444685717
1564,2.38950021269
1565,1.03012806901
1566,3.71273076877
1567,-3.69039388637
1568,-7.66011291037
1569,5.17252525855
1570,0.542147902119
1571,2.74180848906
1572,1.96193800153
1573,0.0249019413029
1574,-0.148437953086
1575,0.0264346065636
1576,4.26663545674
1577,-0.453975088181
1578,0.455671244779
1579,1.11234906367
1580,0.40795596556
1581,0.49578002157
1582,0.537397189547
1583,1.11349548731
1584,-0.311656752547
1585,-2.73168238172
1586,11.1610630959
1587,3.19311242608
1588,7.33685522227
1589,1.65542025055
1590,7.86759194903
1591,-0.970891685784
1592,3.22980767447
1593,-0.460963105786
1594,3.50073924063
1595,4.2084805786
1596,6.90898174289
1597,2.17942518183
1598,2.88261260347
1599,8.30664518914
1600,4.74986674297
1601,11.0172246621
1602,-2.63723206876
1603,5.79174527585
1604,3.83964251965
1605,-2.17665812914
1606,-7.14813000354
1607,-3.15878712674
1608,1.61653558508
1609,9.5869124166
1610,8.29004000721
1611,-1.16060337447
1612,-10.3677192119
1613,9.76480236825
1614,4.67985544085
1615,3.746693093
1616,-1.36407820714
1617,2.39169278749
1618,1.61541179443
1619,-12.8876196982
1620,4.71472513839
1621,1.10792152376
1622,6.15006626222
1623,3.77110035963
1624,-6.71470989311
1625,-7.45484743564
1626,4.44429485377
1627,13.9998318197
1628,3.52214647617
1629,4.66946306589
1630,-4.56497262692
1631,-7.62849428386
1632,0.455319068688
1633,-1.55089657304
1634,2.50724539486
1635,3.10987762988
1636,2.77120883755
1637,-7.12723560432
1638,-3.33076687825
1639,-7.81538461375
1640,-0.249028185774
1641,1.04844227174
1642,1.22613378347
1643,0.683434561801
1644,6.23435288779
1645,3.31805734544
1646,10.1165377886
1647,2.42794948309
1648,2.94027320564
1649,0.171486315385
1650,-0.0338577363688
1651,8.52768052746
1652,-0.143859330006
1653,4.58839489985
1654,2.17083085278
1655,6.83692550294
1656,6.09716806315
1657,-1.64870010314
1658,-1.06125984843
1659,1.23011647795
1660,0.130168101707
1661,6.28140033153
1662,-4.28015582152
1663,0.285869626193
1664,-0.346530630951
1665,-3.6028242997
1666,6.04990479642
1667,8.05882094124
1668,-4.1140974847
1669,2.48682942278
1670,3.47258661943
1671,-10.6945608989
1672,0.488765132056
1673,-2.59871359283
1674,-8.13307057173
1675,-0.548198022963
1676,3.29295130732
1677,1.44253801784
1678,-5.44888760929
1679,6.27588182293
1680,-2.59677882339
1681,-5.87305390245
1682,2.95769802107
1683,7.6800184209
1684,4.26524494979
1685,2.9107237681
1686,0.647437167082
1687,16.0744602099
1688,1.62389945453
1689,-0.943184175534
1690,4.39583071361
1691,9.60149904797
1692,-3.60892906694
1693,-1.40359290149
1694,1.31310978207
1695,1.95899812635
1696,-3.7008203912
1697,0.77717879605
1698,7.66236627686
1699,1.6938632982
1700,-5.63143615193
1701,0.83739611681
1702,2.2965089182
1703,4.74023925076
1704,-1.94121773782
1705,-2.48334713488
1706,-5.37219207718
1707,1.49755603682
1708,-3.23587339307
1709,-1.50425320795
1710,-5.25140041636
1711,0.844202574317
1712,1.70039464783
1713,3.25647274165
1714,-4.07487263293
1715,4.55375847192
1716,2.13036457209
1717,4.26103081231
1718,-1.62316638243
1719,3.09350456841
1720,0.707639036392
1721,10.9005964498
1722,7.7877102778
1723,-4.46171563425
1724,10.6876984631
1725,9.03643892184
1726,-3.96910351295
1727,-0.384358287814
1728,6.62274527176
1729,-4.12908240083
1730,4.96223636768
1731,2.41105746721
1732,1.30031254204
1733,-7.8094115143
1734,-5.08228270565
1735,2.17857725338
1736,24.2596684949
1737,3.755748785
1738,-3.65554837653
1739,11.7608357442
1740,2.78969241312
1741,-1.75176891301
1742,3.22626460795
1743,-0.865671671056
1744,1.45144694332
1745,-1.19602672549
1746,-4.29060548778
1747,1.23501700933
1748,3.79056511112
1749,-0.117014098256
1750,2.58462166369
1751,8.33807160064
1752,-4.68752565092
1753,6.81256287797
1754,-7.97082850399
1755,14.0077059253
1756,4.63917204467
1757,-8.45698706387
1758,-3.0852362004
1759,-5.47509744019
1760,-2.83314254869
1761,8.55866579376
1762,0.270243928816
1763,-8.3969224028
1764,-1.81343370083
1765,3.36019939634
1766,-0.526795068775
1767,1.98337831711
1768,6.14143525538
1769,4.39088643971
1770,5.18592525516
1771,8.30978183394
1772,-10.4922729151
1773,2.7775120493
1774,4.67593005699
1775,-6.10951659164
1776,-14.7836598129
1777,4.43809351218
1778,2.05513745683
1779,1.62560512262
1780,0.767355124139
1781,-1.58236311607
1782,0.419902200802
1783,-9.0352815852
1784,2.37780391784
1785,1.04707863514
1786,6.366235438
1787,-2.13181151287
1788,9.78867253214
1789,-1.86980108828
1790,4.2438451982
1791,-1.75833944911
1792,-2.33244364229
1793,-0.669415313826
1794,-0.663208730125
1795,-3.10902498634
1796,14.8752296673
1797,4.51053965258
1798,12.6895257314
1799,-5.57018055415
1800,9.36844957733
1801,6.91952403091
1802,-2.52031634001
1803,6.64914445973
1804,-1.72867712767
1805,-1.42943715748
1806,0.677917164184
1807,9.66102549681
1808,-7.39549525459
1809,-1.6729806607
1810,6.0375410801
1811,-2.87865817722
1812,7.74191479638
1813,-16.3651113204
1814,7.04849742971
1815,6.02572916401
1816,3.20899557985
1817,-7.90903292014
1818,2.65800011607
1819,8.8791817777
1820,7.52622936214
1821,7.05081869272
1822,-2.09651178221
1823,-5.3455727541
1824,-0.366154733971
1825,6.64126111819
1826,-3.21264154504
1827,1.90712077958
1828,-3.06305803909
1829,-0.651730862314
1830,1.97626748909
1831,0.422306459499
1832,-2.06206235807
1833,6.6856132291
1834,-2.7631641488
1835,3.16912939205
1836,6.47384580389
1837,12.0325055249
1838,2.21058549757
1839,1.21916246675
1840,7.32220755851
1841,-4.63187286219
1842,6.9887960429
1843,-6.33267390201
1844,1.06040492355
1845,2.40177414733
1846,-9.79663031555
1847,-11.8680473849
1848,-7.1841215868
1849,13.8547274847
1850,5.91019268922
1851,-0.688745477739
1852,-3.82704189258
1853,-0.132919466748
1854,9.30061967776
1855,4.68324917251
1856,1.10376431193
1857,5.20858557958
1858,3.43545715121
1859,-0.590015577388
1860,-4.98316107953
1861,-7.82069357557
1862,6.72330934709
1863,-0.142180400316
1864,2.82586958321
1865,-2.83890544107
1866,2.74151283966
1867,-2.83214886034
1868,-0.845469486747
1869,3.92419062279
1870,0.701631791098
1871,0.680925902365
1872,-2.17753165019
1873,-0.833038189722
1874,12.5347774995
1875,-4.49065086667
1876,5.33375939802
1877,8.99158015122
1878,-5.66147989477
1879,6.54318702022
1880,-7.65260093012
1881,7.28821329884
1882,-4.29119192787
1883,6.09678236847
1884,9.08514328078
1885,-2.66520089904
1886,-5.00277419582
1887,15.4927076571
1888,2.42088570127
1889,-1.6813859387
1890,1.21959495624
1891,1.57475024038
1892,10.5456650904
1893,2.78129459987
1894,2.65170220174
1895,-5.87709737111
1896,4.39758201115
1897,9.77515472255
1898,-1.90290255663
1899,5.27910900626
1900,0.877082025458
1901,0.637724315199
1902,4.9946251218
1903,0.48701095343
1904,3.09040172471
1905,1.36341588564
1906,-2.92950484047
1907,3.29764350407
1908,-4.58808850301
1909,-4.31515876902
1910,0.0512423313098
1911,-2.06058287702
1912,-3.54416408265
1913,3.61875153186
1914,1.0779689045
1915,3.23794733558
1916,-1.06252537889
1917,7.05142656973
1918,3.62922831181
1919,4.03925721238
1920,-7.26445986913
1921,11.7346994768
1922,3.02455287109
1923,8.96992723515
1924,-0.824070854533
1925,0.873714335638
1926,1.48018928224
1927,-10.0900943986
1928,-9.94417878127
1929,4.0366526709
1930,0.718312224643
1931,-8.5815829947
1932,-1.61064647161
1933,1.66341364258
1934,-1.61376701594
1935,2.6189361254
1936,-0.794195539263
1937,-1.60288716519
1938,-3.19994641017
1939,-8.54838199309
1940,-4.52666107605
1941,-6.0807111219
1942,4.21514255143
1943,1.89338709436
1944,-10.4580159857
1945,-1.16732642736
1946,0.953207990521
1947,4.12531508299
1948,-3.85525061264
1949,-6.86532017772
1950,0.801127339207
1951,-0.673143284183
1952,6.50734023222
1953,0.96558032852
1954,-11.5886065893
1955,1.32782152036
1956,-1.52952531594
1957,-1.29432261425
1958,2.63436203168
1959,4.45859562987
1960,-4.49918817286
1961,6.32380517869
1962,-6.04186126508
1963,4.337163986
1964,-0.671443208326
1965,5.0691606718
1966,-1.31639854897
1967,-0.0198703594227
1968,-6.57812171543
1969,-2.29553022792
1970,5.90189301299
1971,11.8095050232
1972,2.0381142191
1973,-3.91624754051
1974,-3.70206577794
1975,14.6465639346
1976,2.54981160491
1977,-6.9009304436
1978,-2.38146465503
1979,-0.180236094527
1980,2.71973444227
1981,4.68202615695
1982,11.4848963098
1983,-3.31582036178
1984,0.0283026064688
1985,-1.21672831325
1986,1.88487521016
1987,10.4669890087
1988,1.6510833786
1989,4.96845672061
1990,-4.67406534634
1991,-3.38814189805
1992,4.70318863984
1993,-2.07611121098
1994,2.07697988548
1995,-0.809617896421
1996,-12.2508323562
1997,3.46659798162
1998,6.61744327758
1999,-1.77006134568
2000,-8.21295619143
2001,-3.0778358431
2002,-1.93304959292
2003,2.38449343587
2004,1.54645491689
2005,-4.12349273614
2006,-0.719436986871
2007,5.40154677763
2008,-0.711599545589
2009,3.94432506528
2010,-2.14397986444
2011,12.6444754289
2012,9.93037290832
2013,1.23656384237
2014,-2.20845714206
2015,0.377240761413
2016,10.6875502563
2017,-4.15918269521
2018,5.7686412512
2019,2.79388117226
2020,-5.07728054034
2021,-5.74018678483
2022,1.00143358629
2023,-5.19672633214
2024,-2.36024980062
2025,5.3107041087
2026,-2.94813887933
2027,-6.31151947728
2028,2.31695260131
2029,-3.10177389145
2030,3.97093253673
2031,3.59359332159
2032,-2.63440896743
2033,-2.90556017079
2034,-7.6635020603
2035,0.153775685601
2036,-0.856213409652
2037,-5.7686669132
2038,2.48688406561
2039,10.4229564029
2040,6.93852620518
2041,3.2939295881
2042,11.0871567799
2043,7.41400084479
2044,0.945205054625
2045,-1.12220091489
2046,1.68232772132
2047,7.80597640964
2048,-0.460947975723
2049,8.50059588458
2050,-2.94405505013
2051,-3.96649086714
2052,9.02757805493
2053,10.206008753
2054,-6.65852652237
2055,-0.0583076941147
2056,-5.629800822
2057,24.1093803654
2058,15.5245958636
2059,0.197358111071
2060,8.26093765157
2061,8.14087392778
2062,0.412244728916
2063,9.02965392461
2064,-5.15520351584
2065,-0.0278120888182
2066,-3.03774608392
2067,-2.48230122495
2068,4.24445391628
2069,-7.68587565657
2070,-1.17379794403
2071,-2.65091313172
2072,-0.339985724753
2073,-1.02255694648
2074,-7.26335302605
2075,3.14667174305
2076,6.65903659956
2077,-1.6332702342
2078,5.31833331124
2079,-20.5356515727
2080,-13.0444135354
2081,-0.190563382692
2082,-0.327443289167
2083,1.24236039385
2084,-1.05213970104
2085,5.50829759023
2086,0.093520459709
2087,4.18485121988
2088,6.28226868886
2089,4.43282435308
2090,3.18566469664
2091,3.33875377859
2092,4.93380501437
2093,3.04916247639
2094,2.60973426827
2095,12.4283709707
2096,5.70142321679
2097,-0.254371694062
2098,-1.43192099453
2099,-3.32505920555
2100,0.857132525456
2101,-0.801215790847
2102,4.0512534238
2103,-3.79333185752
2104,-4.60060417344
2105,1.57568997804
2106,5.80020580312
2107,1.98180399488
2108,-0.440756534907
2109,0.408308055664
2110,-3.53171575052
2111,4.57432796251
2112,1.76365071997
2113,8.32056039275
2114,-2.26822652152
2115,9.41498284849
2116,0.116238108747
2117,4.89102618904
2118,-3.48428822898
2119,-1.96319611534
2120,-1.61003892792
2121,1.49585780389
2122,-1.73286643358
2123,-1.9623751617
2124,4.61273259949
2125,14.6413877182
2126,4.90404311684
2127,1.0111310922
2128,9.34280346399
2129,3.1273671682
2130,4.71525351193
2131,0.304491162962
2132,6.40849495798
2133,5.95696811976
2134,8.42757500851
2135,-0.269509052228
2136,7.05234318308
2137,-1.66002832183
2138,3.42386332148
2139,6.30332842682
2140,6.02145977609
2141,4.38236991408
2142,-9.28848213641
2143,4.9711994913
2144,-6.46326701817
2145,8.0770563644
2146,11.8239909176
2147,8.4861755212
2148,-2.44651776008
2149,-3.13535717719
2150,-1.31080564607
2151,-2.72297216257
2152,1.78296082761
2153,-4.57498441652
2154,-5.16448465377
2155,-2.54330874128
2156,9.76458574956
2157,0.120081693621
2158,-0.155507952173
2159,5.97232833844
2160,-0.760266457343
2161,-0.355904256433
2162,3.37074649805
2163,-0.845831110867
2164,2.93534783021
2165,-1.53829030045
2166,-4.51744270375
2167,-5.30537609497
2168,-3.94857033068
2169,-5.13989073704
2170,2.44226104923
2171,-5.72101225195
2172,-8.78237724082
2173,-2.28436227691
2174,-6.07359500202
2175,1.89230770753
2176,5.5551232102
2177,3.69620217588
2178,3.70611888622
2179,2.17121146763
2180,1.96386622294
2181,6.68270349686
2182,-6.16786114992
2183,6.16541331137
2184,2.63125974785
2185,-14.2005499941
2186,-0.260708137414
2187,1.32887490696
2188,6.04684955123
2189,-3.16918072752
2190,3.10398553971
2191,-3.53409034912
2192,3.23099577719
2193,-0.855252434233
2194,3.38243629311
2195,1.72318123978
2196,2.89860709289
2197,-5.48742790467
2198,3.99717554212
2199,-2.75894352022
2200,2.0104017488
2201,-7.70193506915
2202,6.59396106455
2203,2.44929839647
2204,2.12384404894
2205,-0.208283611824
2206,-16.1537322678
2207,1.47534200291
2208,-5.8803442718
2209,8.28640256203
2210,0.866611945301
2211,2.83765284852
2212,6.27830319721
2213,-0.412142875055
2214,2.17441847559
2215,0.852133678129
2216,-0.036334418358
2217,-2.65675416943
2218,-10.1621022649
2219,-3.25638758327
2220,-2.97498545402
2221,-1.40827894617
2222,-1.02553126671
2223,-4.58202037275
2224,-2.00665205083
2225,-1.25820452503
2226,-5.43695847488
2227,-0.72840259362
2228,-5.43984479313
2229,-5.23095139913
2230,5.631968292
2231,11.1310721468
2232,-0.402804343394
2233,-2.17661122122
2234,-5.94708315364
2235,-3.5445206251
2236,12.574181465
2237,-0.595929920088
2238,4.69166959947
2239,-7.54740063022
2240,-4.41869615658
2241,-20.2120825575
2242,3.24921217621
2243,-2.59374283222
2244,3.54508017524
2245,10.2924432415
2246,0.718345751309
2247,4.77557012211
2248,-1.61857895441
2249,-0.547859431287
2250,-2.91376355766
2251,-1.0198042353
2252,1.44491542398
2253,14.9403912878
2254,-12.245843666
2255,3.97175415609
2256,-2.74407774417
2257,3.47274637152
2258,2.06069049432
2259,4.81901332413
2260,1.12166352822
2261,4.47490314355
2262,7.29781096653
2263,6.99895400095
2264,2.44467110525
2265,-0.0775171197264
2266,1.28595280588
2267,1.81938556033
2268,5.43951534462
2269,10.0122064643
2270,-1.18975209253
2271,-3.38860673503
2272,-12.7603995236
2273,-1.83654702258
2274,-1.43146430772
2275,9.33551264144
2276,-3.97622470234
2277,-0.941396849887
2278,8.54601747886
2279,-9.31390861046
2280,-0.545499889238
2281,4.67562750298
2282,0.72830744483
2283,1.47723956461
2284,-7.06222070782
2285,0.686324165582
2286,-2.55064324986
2287,-2.49848452695
2288,-5.11487752851
2289,4.42658204654
2290,4.2973249785
2291,-2.65376232407
2292,-3.29280026977
2293,0.443607592154
2294,2.06767796565
2295,-0.305224596409
2296,5.86663910172
2297,0.350603199128
2298,2.88355250802
2299,-1.7572128313
2300,3.18013073613
2301,-2.63672273468
2302,-9.06676183649
2303,2.70642527764
2304,-0.825983284028
2305,-1.91614494197
2306,-1.63037083396
2307,-1.4048725827
2308,7.89647741928
2309,-9.38150168256
2310,9.92484929267
2311,-0.662082994497
2312,-2.99036758712
2313,-1.61772417546
2314,4.03615713481
2315,3.28067907781
2316,-1.5574637816
2317,-0.00818754580977
2318,-9.56659087134
2319,4.33005623764
2320,-1.99639486189
2321,-3.86418632356
2322,-2.45151011577
2323,3.11262431734
2324,0.368504697543
2325,6.25616206159
2326,7.93034659164
2327,4.88864760498
2328,13.9594342549
2329,12.7578511616
2330,12.2856672076
2331,-6.06492853996
2332,-0.0775151859621
2333,-7.24300063334
2334,4.90735881493
2335,-4.30248027281
2336,-4.43482928547
2337,8.82071976399
2338,-5.78827315693
2339,-5.78299196289
2340,-0.710933093794
2341,-0.189376480581
2342,2.88585111697
2343,-1.69668505263
2344,-5.28526508089
2345,6.54997493575
2346,4.50954059103
2347,1.11433889405
2348,-5.9572208254
2349,2.23975177583
2350,-7.72405100537
2351,3.05384362507
2352,-7.3582070407
2353,2.65661497623
2354,-0.95556111498
2355,0.885698185064
2356,4.04423901531
2357,3.54448496766
2358,3.68139724429
2359,2.1089095062
2360,1.4894913608
2361,13.1521727043
2362,-5.71917879936
2363,-12.3198643346
2364,-6.07928341326
2365,-2.33572113242
2366,-1.14356896962
2367,-2.02807747591
2368,-1.82898982915
2369,-5.24443304983
2370,1.17331003446
2371,0.597131168742
2372,-4.77238590745
2373,-0.130676408426
2374,-4.13025219265
2375,-1.80149536244
2376,-1.29812482554
2377,0.328030362584
2378,0.944451247559
2379,13.492090884
2380,5.60520612675
2381,-5.01025969199
2382,3.18368256031
2383,7.87762962719
2384,0.361717943271
2385,5.59319340751
2386,-10.8892131007
2387,-1.25778118205
2388,-4.52483389609
2389,-4.96317878658
2390,6.64406530799
2391,4.52021338907
2392,-4.64441620848
2393,7.29633480918
2394,1.11893734405
2395,3.94788251096
2396,-6.62232451127
2397,9.00058809415
2398,-1.76447819219
2399,4.37800883747
2400,4.32579936673
2401,2.2630078826
2402,-11.0108441524
2403,-4.32250441717
2404,2.84962309537
2405,4.58952239118
2406,1.15545732837
2407,3.99263102344
2408,3.27808637342
2409,3.61816972068
2410,-3.00934031525
2411,1.51766495889
2412,3.60232617849
2413,5.76890318383
2414,-4.61502706281
2415,3.01454703932
2416,-5.68618486343
2417,-4.16749933942
2418,6.19419642198
2419,9.10632948546
2420,-0.872751010353
2421,0.684500711182
2422,4.45745831661
2423,0.24774293477
2424,1.33770834526
2425,0.419989892667
2426,4.60913260001
2427,-0.523004567089
2428,-8.12546660148
2429,1.17038096453
2430,-3.95781016617
2431,3.51769348185
2432,4.48709075128
2433,-2.09925074587
2434,-3.75319634764
2435,2.10987519609
2436,3.58626559839
2437,8.65863346227
2438,0.183925801129
2439,1.23932812992
2440,3.11930210959
2441,1.81921773389
2442,4.8320133313
2443,2.7848117034
2444,-8.01522591676
2445,-0.464128445265
2446,0.768068723881
2447,1.15456676274
2448,4.80973067323
2449,-2.0222675132
2450,-3.20437642922
2451,-0.341060918649
2452,-2.53126342878
2453,-1.02181002512
2454,7.26616888938
2455,6.8854897722
2456,3.40682602648
2457,-1.7324923997
2458,1.35330869567
2459,4.33645088135
2460,-1.5219643957
2461,1.99639663641
2462,4.65161641125
2463,2.45437308034
2464,9.05697140297
2465,5.1404490184
2466,7.44606321721
2467,-2.45923834863
2468,6.18152590169
2469,-1.95182394258
2470,1.30555420884
2471,-1.40317233598
2472,-0.219831299321
2473,8.43165148266
2474,8.84637787283
2475,5.31090651919
2476,3.18104876496
2477,4.43640934944
2478,2.70432075582
2479,-3.71600653083
2480,6.94822792951
2481,4.85698729151
2482,-5.30401505
2483,5.66689344668
2484,1.40200200315
2485,2.14385848988
2486,-7.17207962079
2487,-0.00803710456875
2488,-4.28584430504
2489,0.674745938635
2490,-6.6106450992
2491,2.67431581128
2492,-7.77313379901
2493,-11.9877866253
2494,7.65407866726
2495,-1.25082749207
2496,7.43220782075
2497,3.24867644113
2498,-7.12120615434
2499,-3.89935745272
2500,-0.409509529647
2501,-2.73860621017
2502,0.707430566064
2503,-3.39929674176
2504,-0.736184266361
2505,-1.96836041248
2506,1.19402857773
2507,6.14968867659
2508,-1.4723587702
2509,-7.55151737816
2510,6.04000406434
2511,1.3899299839
2512,-1.88858703432
2513,-2.2149346305
2514,8.14549140073
2515,2.86365562996
2516,-4.20868353967
2517,9.50829217917
2518,4.9900828128
2519,-2.13650952208
2520,5.55785472101
2521,2.25545976365
2522,3.04560505946
2523,1.22653571635
2524,7.62333914138
2525,8.95612850501
2526,-4.91282692145
2527,6.86339157546
2528,-6.00543164868
2529,-0.933266556294
2530,2.57758927998
2531,2.95660837975
2532,-12.0064835858
2533,3.83844924001
2534,1.19543684637
2535,3.07519871675
2536,0.637691448787
2537,-3.30965141029
2538,-2.69013622489
2539,-1.38418285697
2540,4.63069693702
2541,4.04587941903
2542,-3.3245734959
2543,-1.48205635093
2544,-3.78337673075
2545,13.8710646647
2546,-0.243881769899
2547,-9.1090345825
2548,11.8394344127
2549,-0.414496197939
2550,5.9277853442
2551,2.09858509376
2552,-1.57897347102
2553,2.8521297365
2554,2.70896265169
2555,9.72200118798
2556,9.81830825739
2557,-4.8176270941
2558,-1.00363431519
2559,-4.84745609143
2560,6.41793050771
2561,0.424608585848
2562,1.80138128124
2563,5.06732247217
2564,6.27330120307
2565,-6.43269847804
2566,8.4605562743
2567,-1.17656207677
2568,-1.81245406124
2569,6.44355944185
2570,3.31622680435
2571,0.141031605256
2572,2.6589106309
2573,4.43180350861
2574,-7.68264279401
2575,2.12562608713
2576,2.93250888611
2577,-2.60844716335
2578,-1.27046304282
2579,-8.88323178707
2580,2.25456033775
2581,6.90392639026
2582,-2.95271557915
2583,3.00560354609
2584,-9.16240113825
2585,0.123030880724
2586,1.88452451323
2587,-6.9038358882
2588,7.53610667364
2589,26.347818268
2590,1.49335620946
2591,-1.82291772154
2592,0.699789567467
2593,3.59818371584
2594,-0.615791845722
2595,2.89534873201
2596,-5.31807871589
2597,-0.177305969816
2598,0.00354863774755
2599,7.43535240303
2600,4.11448185936
2601,9.24156038437
2602,-4.28909935087
2603,2.84865609964
2604,-2.61120296345
2605,5.12494000929
2606,4.95693227604
2607,3.41669500541
2608,1.32657707319
2609,-2.88448991104
2610,1.06961556274
2611,0.0792680681924
2612,6.45850652626
2613,2.73042035883
2614,-6.36326692349
2615,6.57876271311
2616,-0.112164294894
2617,-1.96044653281
2618,-1.46538483098
2619,-4.55219486923
2620,-1.92347815837
2621,8.2010797338
2622,5.44426461201
2623,-1.77394846705
2624,0.693409819437
2625,1.93734676039
2626,2.13551573045
2627,-3.54397334752
2628,7.37448552747
2629,-1.76364425408
2630,-11.1178041324
2631,-5.21931243875
2632,1.69538927368
2633,3.63025595155
2634,-6.61363917531
2635,8.04415545996
2636,-1.30894887753
2637,2.54546411774
2638,-4.92789436639
2639,-1.90691447
2640,3.80789443794
2641,-3.13896657181
2642,-2.77697013885
2643,-4.42690653559
2644,0.468124897854
2645,0.554284466993
2646,1.41652688489
2647,11.511645659
2648,1.11548591001
2649,-11.6964338926
2650,-4.12686916446
2651,0.703129742694
2652,6.17755802573
2653,8.28141399659
2654,-0.909232303198
2655,-0.375231843559
2656,-2.38556018788
2657,4.22613219801
2658,-3.52437012403
2659,-1.29255193052
2660,-0.51030831382
2661,0.337992957147
2662,2.16381128921
2663,7.90796657081
2664,1.44341981552
2665,-6.39922470952
2666,-3.05878300648
2667,4.85084795621
2668,-3.86057703665
2669,4.84111657845
2670,4.88853661359
2671,2.73902802191
2672,1.30497255703
2673,-0.642653231655
2674,5.67279582858
2675,1.57022770287
2676,6.88050881465
2677,1.28014506566
2678,-4.01319354224
2679,9.77393791004
2680,0.280322867887
2681,-13.6536495527
2682,5.34983962266
2683,9.5090581511
2684,6.08121463692
2685,-5.15045519737
2686,-0.721551797254
2687,0.157573923649
2688,0.700270446738
2689,2.50586517429
2690,-1.6014758016
2691,4.92090132933
2692,-1.32014614027
2693,0.128321558704
2694,0.568083842017
2695,-3.03964078795
2696,4.00922393471
2697,0.687505581742
2698,-6.9229201044
2699,0.492096548874
2700,10.960815992
2701,9.03094108523
2702,-0.97495418759
2703,0.643331563562
2704,-1.95279822344
2705,-1.44749944242
2706,-3.3410752097
2707,7.36111979722
2708,-1.73821689412
2709,7.40694518976
2710,-2.19905464411
2711,-13.2426851363
2712,-5.95312687148
2713,-26.7055704717
2714,-3.01080186183
2715,3.92772707065
2716,-1.92959831266
2717,-3.539295037
2718,2.1153828697
2719,7.53376521891
2720,-1.33199938219
2721,11.940297993
2722,-4.77989427239
2723,1.08982672435
2724,5.38387491454
2725,-0.740784271721
2726,5.16850077923
2727,-2.35853743894
2728,7.63204733493
2729,8.13353439279
2730,-0.49607014952
2731,-1.89112945418
2732,-2.6226655246
2733,-3.02674105075
2734,9.30040168088
2735,-4.24418212735
2736,1.45425384967
2737,1.78937040532
2738,10.8344194745
2739,0.291784092268
2740,5.77799159299
2741,9.23932558329
2742,-0.292041376597
2743,-0.878269766206
2744,0.538155874321
2745,15.4814423453
2746,-4.18539837967
2747,12.7068485887
2748,0.325202149394
2749,0.745338290333
2750,-0.127968956681
2751,-10.6435341914
2752,7.79033645109
2753,-3.63727778549
2754,-0.47687142127
2755,4.43596038155
2756,3.95102219286
2757,1.62004271732
2758,3.70614865443
2759,-6.01322537898
2760,12.2706170924
2761,-0.278168079565
2762,-4.09702955725
2763,5.11069431564
2764,5.71574037002
2765,-0.230406361192
2766,-6.52262250249
2767,0.0988535170265
2768,6.60082205713
2769,1.88898627508
2770,8.06566224196
2771,2.4187185555
2772,12.7326521755
2773,8.53924935066
2774,0.940814737782
2775,-2.74878779472
2776,-2.1931328604
2777,1.60071326999
2778,-8.89544556229
2779,-1.10632968514
2780,9.89724279901
2781,-2.57360171774
2782,2.23208868478
2783,5.99691546636
2784,6.5939894552
2785,7.65896305591
2786,3.28142646364
2787,-5.69892265867
2788,-4.54820274485
2789,0.488907267035
2790,0.310702938243
2791,-0.379225114214
2792,2.43445603024
2793,-6.92421238089
2794,-3.69823030499
2795,3.67979305705
2796,-2.40474807227
2797,0.160409982147
2798,-3.53735823566
2799,-9.5506420614
2800,3.8962199636
2801,-0.167784802446
2802,1.63239892738
2803,-0.226650590638
2804,-1.67186016296
2805,9.07694463744
2806,8.02350663597
2807,-7.06595864887
2808,-5.53023344207
2809,2.42779280539
2810,6.52172194673
2811,6.43776310887
2812,8.31707022671
2813,0.147889150307
2814,8.56877512974
2815,1.21341472058
2816,-6.28042669634
2817,-1.19753445044
2818,8.21609371878
2819,1.68132842392
2820,3.61954664438
2821,3.36933725821
2822,-4.48009786164
2823,-4.78690020993
2824,5.93839455761
2825,0.672399169904
2826,3.33372357183
2827,1.18045263865
2828,6.97414442628
2829,1.28783619781
2830,-1.05421637875
2831,1.26657159355
2832,0.306735256514
2833,2.61028207474
2834,-6.25883770927
2835,-1.75265873853
2836,-1.23566202134
2837,-4.44142874959
2838,4.92277806386
2839,3.36925490148
2840,-0.0191213101551
2841,1.72035378227
2842,-2.74349932433
2843,1.86890448962
2844,7.43426566581
2845,5.37995652128
2846,-5.56443857337
2847,7.69893171455
2848,-19.2569967614
2849,17.2893732923
2850,-1.18362542914
2851,6.58076257229
2852,-0.916949438846
2853,-0.574416077196
2854,1.3946532563
2855,1.0247582301
2856,10.5081045128
2857,5.47381613408
2858,7.072894687
2859,9.71808853189
2860,11.1144625617
2861,6.20933189649
2862,1.41019866561
2863,8.91610899611
2864,7.42963250953
2865,9.89225074357
2866,3.97771669206
2867,0.31603626581
2868,-11.910626829
2869,7.5068603312
2870,-1.40975913638
2871,-5.94024959822
2872,6.21531189812
2873,5.58744050023
2874,6.72718895005
2875,0.159354556313
2876,3.11578399478
2877,-3.81493539226
2878,0.192996949625
2879,5.25522333505
2880,-1.99368539973
2881,-5.60627156907
2882,2.21932336083
2883,5.45456556862
2884,3.64119731422
2885,-0.684827806783
2886,-0.994991263419
2887,3.25970269841
2888,6.52332420685
2889,16.7192314782
2890,-6.5897761636
2891,1.87410813025
2892,3.27634444781
2893,2.24157793009
2894,2.7767623469
2895,0.367314173663
2896,1.14498604309
2897,6.05104227328
2898,-2.0874825319
2899,2.55806807931
2900,-9.1462992421
2901,-6.46872960518
2902,4.47995179705
2903,1.93360616738
2904,4.08850186472
2905,3.5906969622
2906,0.245177778342
2907,5.68214669635
2908,-1.16416626223
2909,-1.56609562261
2910,0.518408173944
2911,5.79573064103
2912,-2.63726733707
2913,-3.97070264878
2914,0.601775014159
2915,0.222732647928
2916,-5.45677319112
2917,-4.91214355545
2918,-2.4602291741
2919,6.94558725644
2920,-3.36519662946
2921,-6.30682599388
2922,1.09357949475
2923,-5.69650478064
2924,1.62508896006
2925,4.77936375754
2926,6.02742522665
2927,5.73305183617
2928,5.06287804095
2929,1.90845553478
2930,3.34608864359
2931,10.2956887981
2932,9.37761825131
2933,18.4487325827
2934,-8.72812386462
2935,2.20789307523
2936,3.90918422338
2937,-9.15372258553
2938,10.2869403077
2939,5.74815483479
2940,0.359539720316
2941,-6.75946799119
2942,6.09319080813
2943,13.6300282334
2944,8.47540490357
2945,0.719993389024
2946,9.86024667763
2947,4.24970019829
2948,3.93380537546
2949,6.91101538495
2950,2.11137929452
2951,9.71965033895
2952,5.46624682999
2953,1.69124005828
2954,3.33965701061
2955,0.380792742674
2956,-5.89365922654
2957,1.05708369192
2958,-1.24513759758
2959,-2.73194069202
2960,-0.184804345628
2961,4.07474448966
2962,2.88854806873
2963,-6.94911636253
2964,0.303101628679
2965,-6.56401501652
2966,-3.59045444495
2967,2.47290572129
2968,4.61985053188
2969,0.337270403083
2970,-0.831175557997
2971,8.00194113546
2972,9.71526652205
2973,1.93715016513
2974,-0.65608221914
2975,5.08082631217
2976,-2.20853497629
2977,2.81410033887
2978,1.60703891804
2979,-0.0220252280377
2980,-0.390463128568
2981,9.62871841159
2982,4.67817459006
2983,-2.20923598254
2984,-0.949483177943
2985,-10.5081852806
2986,8.0701390352
2987,4.73385220015
2988,-8.1234900018
2989,2.94062511832
2990,-2.04056735623
2991,-4.31861434055
2992,0.224540020164
2993,7.20961449852
2994,-5.59737538031
2995,-4.47561069639
2996,5.72766005306
2997,9.82765698041
2998,-2.14492895651
2999,-6.49131378299
3000,6.88421149303
3001,-0.985400219723
3002,2.17283446577
3003,3.63082273444
3004,-1.66917378657
3005,5.02711369409
3006,2.25174728952
3007,-4.95536866272
3008,8.92385871395
3009,5.00625434933
3010,-3.64283904904
3011,8.86816232361
3012,2.15962148023
3013,11.7199587318
3014,-2.04754184884
3015,8.30311803618
3016,2.18902585466
3017,1.85082541953
3018,-10.5033373802
3019,4.11552135452
3020,1.76728184515
3021,0.355545199886
3022,3.94271348792
3023,-6.49102743061
3024,1.27110739747
3025,2.77762290943
3026,1.17932162124
3027,8.50416499161
3028,3.93719715919
3029,2.9253616517
3030,3.22698301279
3031,5.3252279101
3032,1.9051822227
3033,2.7222829328
3034,2.84003885241
3035,2.39180232533
3036,-6.31362639075
3037,5.8268799792
3038,3.57741994368
3039,-0.466182345723
3040,-2.76437614854
3041,-2.86655693778
3042,4.05275677669
3043,-2.01510129498
3044,-5.54202051259
3045,4.05539063925
3046,-9.86552145901
3047,-4.14619556437
3048,-0.994186044677
3049,6.0376519093
3050,4.31900249464
3051,8.48627294956
3052,-0.907531771243
3053,-4.65392466496
3054,5.1740018205
3055,4.61111040585
3056,5.8991059072
3057,5.78651919137
3058,9.05746797109
3059,4.86841587508
3060,-0.787997478618
3061,2.73806221483
3062,-1.23989422842
3063,0.957986321309
3064,-7.48189493055
3065,-1.35213195152
3066,2.36012136082
3067,0.299516134928
3068,-5.61726618658
3069,2.56007531628
3070,-0.490985792997
3071,0.978058095166
3072,-7.51430453014
3073,-5.37244763695
3074,3.2595743658
3075,3.45403712364
3076,-0.842451238838
3077,-1.99300321326
3078,1.10037275591
3079,1.94980187031
3080,2.64285585456
3081,8.49184435179
3082,2.83040994512
3083,-10.3471368852
3084,-6.33560826494
3085,0.644460846638
3086,-5.73941384338
3087,0.80011601371
3088,10.9572892055
3089,-4.74701401483
3090,14.0141621808
3091,1.65710483344
3092,3.68814898228
3093,-3.87164750963
3094,-0.216662195877
3095,9.66483125986
3096,-2.62855232024
3097,1.65383037807
3098,-1.13491466045
3099,-3.31035591672
3100,-0.157115420978
3101,9.30385787661
3102,-0.667897608323
3103,0.241301309778
3104,-1.17974405207
3105,-1.33356103111
3106,3.21223981683
3107,0.395180298697
3108,6.71923398557
3109,-1.114342464
3110,12.7838575108
3111,-0.619911641055
3112,4.72126209026
3113,2.66677478773
3114,-0.0726756038073
3115,-6.22272249468
3116,8.78937392846
3117,8.50997741274
3118,-0.169629777754
3119,2.65536364891
3120,7.27003851783
3121,-3.56645608706
3122,-0.225776261629
3123,3.6474347463
3124,-6.34750309963
3125,-1.90846215184
3126,-0.71309600231
3127,3.46316583743
3128,-7.64992382034
3129,6.96722744079
3130,-1.26578069971
3131,-0.900906224573
3132,-1.65522967257
3133,-2.32264257126
3134,-2.89270079108
3135,-0.303323895412
3136,-4.24560953383
3137,9.20113693661
3138,-0.533588906166
3139,-7.58100539921
3140,-1.81146943637
3141,11.2027822185
3142,0.876163754739
3143,-5.13974606607
3144,-9.91198124378
3145,1.21080046672
3146,-3.7448632679
3147,7.88017457588
3148,-1.99861584289
3149,3.03609442721
3150,-16.0302505804
3151,-1.19993657481
3152,6.99704084987
3153,-4.55370435536
3154,8.87367437069
3155,-3.64099664172
3156,7.67789774144
3157,-7.72762746152
3158,5.27304141881
3159,2.03083909582
3160,-8.7661850098
3161,-2.85975360061
3162,-1.90456057556
3163,10.5344599283
3164,-1.46261139781
3165,-2.34782289542
3166,4.20301240863
3167,1.49292355404
3168,7.39129411659
3169,-15.0207167007
3170,7.54544313389
3171,4.65134356625
3172,1.22282086855
3173,9.40282333487
3174,-4.69697997842
3175,-8.72248099499
3176,4.76753244241
3177,-1.94371483941
3178,5.63953863849
3179,7.86358799265
3180,14.4697612819
3181,-3.16303129305
3182,-1.80367411219
3183,4.26003934356
3184,5.78913442167
3185,-4.91351686477
3186,6.80903399417
3187,-2.05057750497
3188,-9.7138022647
3189,0.236576027364
3190,-2.70616756757
3191,5.71446550074
3192,4.67316373444
3193,6.1941060004
3194,-0.975061975125
3195,-3.65369002715
3196,-4.55140153897
3197,-2.76387996661
3198,0.585035620921
3199,7.54203535594
3200,2.77677315471
3201,-2.04724761074
3202,-6.9931366794
3203,6.3572195373
3204,-0.262861712693
3205,-5.08005522069
3206,5.09117252708
3207,-0.405927609119
3208,3.61627990381
3209,2.89607932356
3210,2.18257015027
3211,1.25122081628
3212,-10.3194489114
3213,10.9513136662
3214,5.92445173278
3215,6.02936428437
3216,-0.261455563868
3217,7.59032073294
3218,3.65789099947
3219,-1.0940333814
3220,3.22524002579
3221,-3.20431370366
3222,2.63462435072
3223,0.596668776985
3224,4.09860288724
3225,0.853564039076
3226,6.55441150154
3227,-5.65469927687
3228,1.16090669945
3229,-1.13933905776
3230,-0.0159451723622
3231,5.26566859623
3232,0.0985791458554
3233,-8.37688819542
3234,3.88229812166
3235,-9.19532937152
3236,4.25178568607
3237,14.5720502965
3238,1.36245479247
3239,-4.48191410607
3240,-5.08166217465
3241,5.08125343684
3242,1.18542885028
3243,-3.07748584357
3244,6.50232498761
3245,4.97526418544
3246,5.52796776631
3247,6.86018914173
3248,-6.65348924311
3249,3.84498697828
3250,-0.721931626069
3251,3.09761157485
3252,0.911159772716
3253,1.28326042666
3254,-1.89104166079
3255,0.691547626023
3256,10.8054762146
3257,0.48786448929
3258,8.14846725123
3259,6.13053905576
3260,4.79234222199
3261,-1.16461080459
3262,-0.286570997031
3263,-6.4023737665
3264,-1.40745701885
3265,-9.10835039793
3266,-5.32306230381
3267,2.3905352283
3268,4.4803132096
3269,-2.29326346653
3270,4.06509042248
3271,-0.345297220365
3272,-2.95722968752
3273,3.66116378553
3274,-4.36902262002
3275,4.46769240961
3276,4.04681723786
3277,5.15597643391
3278,5.30986989094
3279,-3.9354014154
3280,4.30224122965
3281,-1.66156016313
3282,1.25866653388
3283,-4.77649891037
3284,-5.19285078899
3285,-1.07666336808
3286,-2.25170432525
3287,2.21703144783
3288,-10.5455294079
3289,-4.14236812409
3290,3.61961788414
3291,-1.83794813198
3292,-5.00412351572
3293,-9.88336509319
3294,5.37091439743
3295,6.13647612516
3296,2.4395924176
3297,1.27615679891
3298,1.76602223442
3299,-1.99479862707
3300,-3.70043544227
3301,6.33687510859
3302,4.35872033016
3303,2.35394015145
3304,-1.71896121358
3305,4.62975697735
3306,1.69470093683
3307,-10.564704836
3308,-1.33732015248
3309,2.13538164718
3310,-4.01473439568
3311,-6.15945235737
3312,1.97816191271
3313,1.48000617185
3314,-7.89580416388
3315,2.80137100148
3316,-3.08392976873
3317,-1.65567056109
3318,2.34582487583
3319,-4.07676645156
3320,0.590552937703
3321,-1.96617442739
3322,1.56657938316
3323,-2.33802556612
3324,0.173408944039
3325,3.28988374702
3326,6.5600353535
3327,10.2492122082
3328,3.50091302113
3329,-4.03484502994
3330,-3.34296262389
3331,-7.29251275796
3332,7.84471184484
3333,8.72904527861
3334,2.38603594706
3335,1.60526057807
3336,1.28161433914
3337,-0.760468455397
3338,1.43218013754
3339,2.96098381584
3340,0.484114988953
3341,2.53203332679
3342,4.45512768179
3343,7.27249881164
3344,11.8508658083
3345,-4.17718759121
3346,-0.955575842087
3347,2.50133045062
3348,-1.56856534006
3349,2.36506160191
3350,-0.880693864664
3351,2.51459147882
3352,-0.846829778432
3353,7.41573125704
3354,-7.75509646812
3355,7.45510376598
3356,-0.497400742417
3357,-4.30378365512
3358,10.5941623909
3359,3.84927634236
3360,0.0603024455599
3361,2.08583930017
3362,-3.64294374847
3363,-1.0434560879
3364,5.87625572096
3365,-0.0010796649404
3366,-2.95327823244
3367,1.23561210027
3368,-1.01756487098
3369,1.55088399038
3370,0.209683344005
3371,1.14507371435
3372,1.20008972804
3373,-1.9659767851
3374,0.176666960288
3375,6.8832991075
3376,-8.29396048192
3377,5.17780106366
3378,-0.34825278303
3379,-0.958803317594
3380,-1.4807674005
3381,6.9758365681
3382,-0.788768561764
3383,4.34374206569
3384,3.66349874592
3385,-5.54463268676
3386,-3.08229651913
3387,0.135951777502
3388,-10.933692158
3389,2.64512908518
3390,0.232606029605
3391,2.09672198767
3392,5.55406942876
3393,4.08963534289
3394,-4.81767996045
3395,5.42932193755
3396,-2.46762167965
3397,-2.48163209039
3398,-4.31319894532
3399,-6.57146970605
3400,2.6254234326
3401,11.5540702726
3402,-0.146372479812
3403,-0.0677261290608
3404,2.52434643821
3405,13.4813501074
3406,-6.29918806198
3407,2.83196488385
3408,7.5322530244
3409,9.17033896102
3410,0.099840611685
3411,-4.41883475544
3412,-0.799233396078
3413,-4.83217480691
3414,4.30014209361
3415,1.52204918398
3416,3.07893545761
3417,-3.6707354646
3418,6.41964623653
3419,4.02687606567
3420,-0.472554650951
3421,-3.79848161211
3422,-9.32615046362
3423,10.4246876134
3424,5.7421946286
3425,0.975244544883
3426,5.00957451139
3427,0.168767120732
3428,-1.8757806357
3429,7.83829488612
3430,-7.77989556973
3431,-0.0146568722026
3432,4.17363318726
3433,-1.0331237986
3434,1.59596940538
3435,-2.33855992123
3436,5.98557324847
3437,2.45260778171
3438,-7.32272607317
3439,2.39756106652
3440,12.0328321442
3441,-8.749207723
3442,4.55724379769
3443,6.59617455928
3444,-4.7864630228
3445,-1.94686332115
3446,4.77353153258
3447,-4.30618246846
3448,5.82627640895
3449,-0.350425659649
3450,2.38232398285
3451,3.79078664196
3452,-1.04610112692
3453,9.92122796771
3454,7.11380597206
3455,0.499792979229
3456,-4.06287003852
3457,-2.52998867883
3458,2.05213936262
3459,2.23132198314
3460,3.07006311794
3461,3.13997754705
3462,0.773142677527
3463,-0.428994609332
3464,-8.89476593095
3465,-0.45965205658
3466,7.79168035309
3467,9.25490478176
3468,4.08155298085
3469,4.47966470504
3470,-1.82410102955
3471,11.224872155
3472,-3.22955235625
3473,-4.99915731385
3474,7.54235159835
3475,4.2476677319
3476,1.49983079772
3477,-0.106298927077
3478,6.22987364107
3479,-0.56162794333
3480,2.92813384887
3481,3.53728531744
3482,1.0299746449
3483,-0.666721858229
3484,13.3913957485
3485,-0.323258951831
3486,1.55163173719
3487,-12.2756573882
3488,7.08956629518
3489,7.38107522364
3490,3.38389328802
3491,11.2170531768
3492,6.91593529661
3493,0.953029665185
3494,-10.3783015509
3495,0.843592835737
3496,8.38686445469
3497,1.01549897342
3498,2.31948804908
3499,4.18308561147
3500,-1.4587350333
3501,4.51185033959
3502,5.65859441808
3503,2.69417164784
3504,1.68212172139
3505,-2.60768205181
3506,1.03758261983
3507,-5.73595327484
3508,-3.51356595989
3509,-0.181068294551
3510,1.85766848834
3511,7.41964688263
3512,7.2522251166
3513,0.634664673971
3514,5.44752173373
3515,-0.501592458299
3516,1.55229403596
3517,-2.76971109196
3518,-1.96123262861
3519,6.62544167148
3520,-3.31129619553
3521,14.8103382015
3522,5.25210500928
3523,3.87738720859
3524,-3.43176989052
3525,2.46275048719
3526,1.05678199526
3527,-0.992821851725
3528,-2.43711390579
3529,-4.19873555395
3530,11.5745123696
3531,-3.08306612937
3532,7.01838885023
3533,-4.31537416338
3534,2.72720044802
3535,5.07269616605
3536,2.18908288204
3537,6.19901915263
3538,0.595627120426
3539,-1.2151342091
3540,-0.236462165475
3541,-1.08343046713
3542,0.0963840711987
3543,6.63864358278
3544,0.841961084437
3545,-1.61882632664
3546,3.31893720551
3547,-0.524196558792
3548,-4.21865671966
3549,-3.29686376634
3550,5.35086134569
3551,2.03002351859
3552,-3.69062453525
3553,5.41036363879
3554,6.86160867112
3555,-5.97910009957
3556,4.63422155596
3557,0.301107271871
3558,2.61840687526
3559,4.42647196914
3560,4.91266659412
3561,0.419199990028
3562,-1.4509901996
3563,-0.748050450902
3564,-10.0824233422
3565,10.4644719967
3566,1.65272077629
3567,-9.43821120527
3568,1.81782155357
3569,-5.29854367401
3570,2.25380556271
3571,2.48460755365
3572,0.610090535921
3573,-0.618583097689
3574,-1.16721705559
3575,5.0262200211
3576,3.74342274666
3577,12.2953070263
3578,2.0844980036
3579,10.9609491592
3580,-0.305426814011
3581,-4.40081913758
3582,3.48717058289
3583,-4.26225970295
3584,4.43138838034
3585,-5.31976557582
3586,2.7894998544
3587,14.5340089426
3588,0.426521294373
3589,1.72764829658
3590,-7.69519996526
3591,8.66101503998
3592,9.01738472967
3593,4.08817839434
3594,-2.39155773706
3595,17.3475003848
3596,3.0483012898
3597,1.14476501512
3598,0.603509445623
3599,1.20940622833
3600,1.17858013755
3601,2.50096098027
3602,-4.53338027936
3603,-8.55983101057
3604,-4.88641093761
3605,10.7744444335
3606,9.53183840761
3607,3.19358903494
3608,1.45197112477
3609,-1.0001796837
3610,3.82762453394
3611,-1.82433769287
3612,4.25262515309
3613,-0.390667019319
3614,-2.37634941046
3615,0.614800985496
3616,1.43630701926
3617,2.83992490763
3618,1.45592769733
3619,-0.705735524386
3620,-0.0197048643358
3621,-2.45130850163
3622,3.43774597945
3623,-6.89632205397
3624,-5.74847120344
3625,0.935386589573
3626,2.12634811598
3627,-1.40441056403
3628,-12.9774080644
3629,-0.553230251897
3630,-0.33235027537
3631,0.770969013901
3632,5.13107026422
3633,2.64244455406
3634,-6.3165727414
3635,2.78199252652
3636,11.7874555288
3637,12.8337744541
3638,1.09002369752
3639,3.93099253702
3640,2.78192576144
3641,-2.62273112784
3642,11.6080425698
3643,-0.181553593044
3644,3.54901536366
3645,-0.696461705689
3646,7.37978956694
3647,5.68400316639
3648,4.64774025204
3649,2.51052589526
3650,-0.679912828368
3651,3.11891714925
3652,5.95551191184
3653,5.66382566318
3654,1.17199964761
3655,3.62972231261
3656,-2.77644439966
3657,4.49583672885
3658,0.789871463366
3659,7.15874762244
3660,-3.71842834742
3661,4.69769644728
3662,10.297070517
3663,-1.30120986436
3664,-11.1611763571
3665,-1.14773184359
3666,5.7859124226
3667,3.02010828697
3668,4.53141595314
3669,4.09068051651
3670,-4.24997789951
3671,3.07056418162
3672,6.95722480591
3673,-5.07166058182
3674,9.93972317194
3675,-3.2046984243
3676,-2.35390251056
3677,7.42790462021
3678,-2.1931645423
3679,3.56257862394
3680,1.19310524962
3681,2.66070343409
3682,-2.44323111811
3683,-6.09569191984
3684,6.27267810998
3685,-6.82091450192
3686,7.85894679229
3687,-2.00651685698
3688,3.04331295759
3689,0.667551761144
3690,5.78367061548
3691,3.3160664102
3692,5.03861186266
3693,-1.92358815685
3694,-2.69812444654
3695,5.81919777882
3696,1.35914881859
3697,5.75508204503
3698,4.4754822338
3699,-3.26898600174
3700,7.26568483527
3701,-4.74868927274
3702,3.06176727837
3703,0.222036290353
3704,7.83544771159
3705,8.74818481711
3706,-4.98818388197
3707,-13.5000890096
3708,2.81147263923
3709,3.16163503761
3710,-4.81378096603
3711,-1.44791848805
3712,-0.395985076442
3713,3.26974366249
3714,-9.74619153413
3715,3.39044281376
3716,-1.40073519921
3717,-1.56366727174
3718,1.74946468608
3719,6.9991243302
3720,0.0747170240341
3721,0.65253037833
3722,-6.75564493997
3723,1.97707878996
3724,1.98361190169
3725,8.59144627704
3726,14.1100375461
3727,-1.27247227778
3728,-1.40188853573
3729,6.68121344126
3730,2.87564952365
3731,0.61962314397
3732,5.02634677298
3733,-6.81573502276
3734,3.12206413774
3735,-0.909420243227
3736,-3.59445712939
3737,-1.25649379341
3738,1.92175973791
3739,-5.25785040516
3740,4.2275781308
3741,-4.88597160428
3742,6.45610015967
3743,-4.55215508075
3744,-1.36118303814
3745,12.3343510007
3746,12.7305245531
3747,9.0257078678
3748,-2.58373866055
3749,5.71084272986
3750,5.67543173283
3751,0.627915504403
3752,-11.592074714
3753,3.06294412499
3754,-2.26923675739
3755,5.10505257178
3756,3.14408705348
3757,1.24235977515
3758,1.94888680806
3759,-3.45606560513
3760,0.13018025272
3761,0.465595872153
3762,4.60464379475
3763,-4.84415467593
3764,2.10713749039
3765,13.216162371
3766,8.73076464216
3767,2.96861707771
3768,11.0178098241
3769,2.65636470306
3770,6.28063430041
3771,7.55422216214
3772,6.62103852445
3773,9.63697210694
3774,9.91941166962
3775,-0.239801892878
3776,3.07007814462
3777,1.26275122227
3778,1.59862999687
3779,-2.68940144031
3780,4.73601644686
3781,6.84507592146
3782,-7.67528590485
3783,4.29432523578
3784,1.34232308507
3785,2.10621408617
3786,-3.40545590625
3787,9.18374203652
3788,-0.508627539159
3789,14.1164803557
3790,-2.22458295955
3791,11.7556745258
3792,-1.02169721717
3793,6.03462735682
3794,0.839373764792
3795,4.8340173902
3796,1.40046995465
3797,-0.518019695325
3798,4.44793727012
3799,3.45385181194
3800,2.1873417278
3801,5.05971356497
3802,2.0479009924
3803,-6.67531435899
3804,-1.68122017358
3805,-3.86088437948
3806,-4.06048683897
3807,6.24465644661
3808,5.65673183187
3809,-8.38987101627
3810,4.29506867176
3811,-4.63478098397
3812,3.79910634264
3813,2.32060337792
3814,1.66001378385
3815,12.9800530693
3816,-3.73150671841
3817,6.79474711894
3818,3.10929364616
3819,5.85009192486
3820,-5.30741422716
3821,8.86271856752
3822,7.64396789509
3823,-2.54830508554
3824,-4.87787109731
3825,6.70523039717
3826,2.04483223725
3827,-0.716274427847
3828,5.89283507503
3829,-9.32680681952
3830,2.3957378446
3831,0.420475998228
3832,-0.24726317283
3833,0.82411774634
3834,6.10900910262
3835,3.43490734663
3836,5.64274195175
3837,9.34324338737
3838,-3.19337605198
3839,4.3654248695
3840,3.05342714459
3841,3.52333136457
3842,-11.5736392762
3843,8.21056600538
3844,4.11589042386
3845,1.6555300153
3846,0.101717875906
3847,-7.53250637977
3848,-3.54478539691
3849,0.839463431919
3850,1.56517030696
3851,-0.571009741137
3852,7.41860253522
3853,10.8753802921
3854,12.0918222503
3855,2.57079162289
3856,5.80412410387
3857,8.01583868777
3858,1.54265174726
3859,-0.308053222863
3860,3.24847013892
3861,3.30285632874
3862,9.24416249959
3863,-0.615671827149
3864,2.29672564226
3865,2.00492135881
3866,0.802839303478
3867,0.571145818268
3868,-1.05414112062
3869,-2.25566052619
3870,15.5456359378
3871,-7.3335488727
3872,2.37029144868
3873,-0.417897169732
3874,3.37626304955
3875,-8.8569558845
3876,3.54352792508
3877,3.11771549224
3878,-1.40839097196
3879,3.83648229014
3880,5.12167863927
3881,4.17730207701
3882,1.97012709346
3883,6.20693149629
3884,5.37886407057
3885,-1.53062032467
3886,-17.8532934311
3887,4.32398919353
3888,17.103565131
3889,3.78419347133
3890,0.7724801502
3891,1.93959245549
3892,-2.56531024016
3893,0.620925224353
3894,1.44209746804
3895,-0.613552240095
3896,4.38978316773
3897,1.17555144438
3898,-4.57890093212
3899,2.65687294858
3900,13.741344598
3901,4.27514295413
3902,20.5093369493
3903,-9.15057763034
3904,-0.00725561231416
3905,1.08892421686
3906,-8.62581177602
3907,-4.77817425423
3908,5.77558772394
3909,-12.3466503815
3910,15.8469058012
3911,2.87352064249
3912,6.62389310325
3913,0.2618816245
3914,-7.79461671206
3915,0.202650110847
3916,-1.06095224819
3917,-0.605053033713
3918,2.72952435567
3919,6.36599131695
3920,4.85138973606
3921,-4.31762712121
3922,0.3560706091
3923,-6.50539026536
3924,0.478486050141
3925,2.37158137363
3926,-2.31239772391
3927,0.0681256678645
3928,3.32881397388
3929,-1.86291073762
3930,1.52381010905
3931,7.4734671471
3932,-4.0751555679
3933,0.409901576456
3934,7.42572949079
3935,-1.39552179051
3936,-8.43565656637
3937,7.00270383125
3938,5.23809970244
3939,9.89394275514
3940,6.47463516485
3941,-1.44982197341
3942,3.43204892148
3943,2.14639584599
3944,-6.32642544057
3945,1.84031298594
3946,0.730670899268
3947,5.42748326104
3948,0.46946881486
3949,4.80626065822
3950,1.27896660404
3951,5.63508264093
3952,-3.49419454262
3953,-4.92854406716
3954,5.30622159397
3955,-1.78989571879
3956,-3.96397310921
3957,-9.41823729953
3958,-0.100580074132
3959,-18.6745759765
3960,2.45990844783
3961,-2.63752133997
3962,4.25734995139
3963,3.40050095226
3964,12.2212461494
3965,-1.26211606529
3966,0.653470271546
3967,-2.36211067238
3968,4.04546859847
3969,-1.81237251087
3970,0.626163406356
3971,6.98447328681
3972,1.35182862085
3973,4.4109189981
3974,0.830288410275
3975,4.65103401539
3976,9.27886039649
3977,0.0126819056477
3978,10.0161442349
3979,-1.89104181812
3980,6.33187821438
3981,1.92647984331
3982,-0.31331519943
3983,6.61431655684
3984,0.784570115182
3985,-0.592655317096
3986,-0.0816629653422
3987,10.0345130166
3988,-1.97127037848
3989,-5.65218494323
3990,-6.16843047601
3991,-0.514510354304
3992,-1.25926099521
3993,2.02646055481
3994,-6.01711065122
3995,-3.25177942775
3996,3.68667371417
3997,2.20163227459
3998,-5.85550964643
3999,8.24207578251
4000,-7.23106296993
4001,1.74341486571
4002,-0.13656142462
4003,10.0316131831
4004,-0.674702541317
4005,3.20047736247
4006,0.368483583009
4007,-0.424429370476
4008,-3.15004219179
4009,-6.86315792525
4010,-0.335166805477
4011,-1.77837247164
4012,1.97627455119
4013,-5.26968162541
4014,6.42511398356
4015,0.394047328626
4016,11.1912172863
4017,-5.59414354419
4018,-8.05498575414
4019,-4.80365677127
4020,-0.107866369414
4021,3.64812235657
4022,2.64193817402
4023,1.61852375275
4024,4.72292164652
4025,-2.32307630067
4026,3.56296551795
4027,1.53370478077
4028,3.29683124499
4029,-0.107981854352
4030,6.68342805814
4031,8.32327589936
4032,2.29044078811
4033,4.60150581803
4034,-1.59027567248
4035,2.96253540759
4036,2.73007510196
4037,8.62357993274
4038,-0.0426850110109
4039,-1.73255105518
4040,-3.2778164817
4041,-1.98557366032
4042,-2.68697834726
4043,4.00063416707
4044,4.96362609945
4045,3.57791958584
4046,-1.40632564813
4047,3.62898958061
4048,12.1852512209
4049,-3.40519351029
4050,1.90318541047
4051,0.877114879304
4052,9.87628737574
4053,-11.6798455425
4054,-7.52002345972
4055,-5.96350660925
4056,2.90188921062
4057,2.19033753278
4058,2.47230742976
4059,-3.03129557709
4060,8.98714210889
4061,1.95752119272
4062,2.20189090417
4063,2.74140368795
4064,-0.30328638924
4065,-3.55610398693
4066,3.23555830632
4067,-6.57206958875
4068,6.40480947089
4069,9.24991455928
4070,3.89719056076
4071,2.63289278765
4072,-0.0638450143055
4073,2.82620864272
4074,-5.52403919925
4075,-1.03857811691
4076,1.88417896775
4077,9.12576448543
4078,3.23692813925
4079,6.72560279231
4080,0.0473610343756
4081,-0.928899330747
4082,7.12525436358
4083,6.12202356271
4084,5.66338132919
4085,-0.422830000144
4086,5.63901607546
4087,3.31865289422
4088,4.6865401024
4089,4.24371867537
4090,0.980408666157
4091,-1.06254746539
4092,9.60406828551
4093,-7.79409159139
4094,-0.756510478035
4095,-0.121056682108
4096,4.15933076525
4097,1.50735428447
4098,3.76532480365
4099,5.08033870344
4100,5.01260394258
4101,-7.18164155118
4102,1.77198439073
4103,2.08650559528
4104,-3.64329681285
4105,-4.01615070002
4106,-12.3279979528
4107,-0.880582285622
4108,-3.42263214915
4109,-0.827606626639
4110,0.403039351986
4111,-5.62345037417
4112,0.0231532343316
4113,-3.86788741625
4114,-6.11559765447
4115,2.32859001892
4116,-3.34150675601
4117,2.75374011066
4118,-2.45279970884
4119,-1.60601992631
4120,2.65232690608
4121,2.33852471659
4122,-3.19655963276
4123,-0.375514807876
4124,-5.73554402438
4125,-2.23871144118
4126,1.71550533395
4127,7.33236246274
4128,-5.53374136193
4129,3.94849812327
4130,1.0389189482
4131,2.92440425985
4132,0.213198638857
4133,-0.496969441467
4134,2.86437767087
4135,6.23384825434
4136,-1.28752614327
4137,-6.05583794963
4138,4.98148814463
4139,6.62242833076
4140,-8.11391601102
4141,3.7001773015
4142,3.41308285955
4143,-0.119906343543
4144,1.14155896555
4145,0.404348105201
4146,1.61770637445
4147,10.9342435601
4148,3.76703921597
4149,3.79064036793
4150,0.297635453904
4151,-4.09142584704
4152,-5.10420576074
4153,10.743793237
4154,2.42400713966
4155,8.40943140405
4156,-3.23380188951
4157,9.13907530343
4158,6.12904000721
4159,5.71399339764
4160,0.306865254943
4161,-1.24399083112
4162,1.27583040094
4163,0.956197647288
4164,4.25401376514
4165,11.1085590962
4166,0.91788647626
4167,1.91209590736
4168,1.89369669036
4169,-2.25358947784
4170,3.37426502988
4171,0.0073195901124
4172,-0.439187517368
4173,-3.51613018947
4174,0.73596698401
4175,-2.03419340106
4176,-10.4579167276
4177,-0.0908170222641
4178,3.09303748346
4179,-6.61063832801
4180,-4.54190950347
4181,9.318840413
4182,4.95987314511
4183,-5.88882235476
4184,1.28231787106
4185,-6.22802744829
4186,1.53410819796
4187,5.56309508795
4188,2.30565080337
4189,0.281482049107
4190,15.8522671595
4191,7.8696687047
4192,2.02034181884
4193,-5.82526317074
4194,-2.42358198635
4195,-14.1361367433
4196,7.71871320887
4197,-0.140378504291
4198,-4.02212982113
4199,-1.17507378326
4200,-4.96464827781
4201,-5.14981617208
4202,1.24645831511
4203,-0.719270586066
4204,-0.707394159147
4205,4.24933332636
4206,4.69580333893
4207,-5.009137269
4208,-0.579289097727
4209,-4.00214178478
4210,-1.67996450098
4211,0.290251734062
4212,1.15209009674
4213,-5.02361534751
4214,-0.255672001317
4215,-4.4886437525
4216,3.64759813847
4217,4.51461374172
4218,3.94451919515
4219,3.42128711052
4220,-1.78416562787
4221,-2.72550357488
4222,-6.47483133757
4223,1.45834323837
4224,-0.135578543477
4225,2.91733337468
4226,5.22604923262
4227,-0.864469307932
4228,0.372947892145
4229,8.85956577074
4230,-0.505371695689
4231,6.00427257322
4232,9.86586821633
4233,-0.0723987942399
4234,-5.60091747791
4235,5.7134984199
4236,3.89216921787
4237,9.98947345781
4238,-6.32400226539
4239,-4.48035133961
4240,-5.29890503967
4241,0.820252918092
4242,-1.10297264532
4243,3.84588837537
4244,-1.83304944894
4245,0.376030004461
4246,-0.978708976644
4247,-3.38701594951
4248,0.605338440127
4249,5.47295787723
4250,-0.791133571676
4251,-9.71384152371
4252,-0.502266043425
4253,-6.43619327561
4254,5.2704254545
4255,-4.16020111811
4256,4.02008446263
4257,-1.71164437981
4258,1.23394481988
4259,-13.1532826719
4260,-0.430002973069
4261,-2.06178064783
4262,-1.35262367043
4263,-3.22892172901
4264,1.05408832388
4265,-2.88147031947
4266,-0.433056004337
4267,3.04264767061
4268,-2.18748570991
4269,5.00928083548
4270,0.702055832367
4271,3.80706162972
4272,-0.211730992103
4273,12.1811076716
4274,-4.34644372045
4275,0.345522311693
4276,-0.973802346415
4277,14.1099818924
4278,-7.67356883578
4279,10.9274894165
4280,-0.86810631971
4281,0.877254800634
4282,0.204669175744
4283,2.00273933185
4284,-2.09996160228
4285,2.86415222361
4286,-6.42676145708
4287,5.71876473822
4288,1.53045972805
4289,-0.518107367098
4290,-1.04614521575
4291,1.48583925658
4292,-4.24371515303
4293,2.29168709772
4294,2.78146757269
4295,-1.53909830971
4296,-2.64747423106
4297,1.95355862914
4298,2.31950936322
4299,-0.964376344781
4300,-2.40738951877
4301,0.623374760884
4302,2.32446979273
4303,-1.35148824467
4304,6.32865750793
4305,-0.0237050518858
4306,6.36049796097
4307,-2.31179369337
4308,-4.8488304913
4309,-4.32356896921
4310,-0.923113137145
4311,-1.78978482999
4312,-2.90018854891
4313,10.8812485553
4314,-1.99369832238
4315,0.606674316305
4316,6.43765877765
4317,-3.10168314381
4318,3.94454887269
4319,-0.737190355692
4320,-0.620925533881
4321,6.19412098498
4322,3.23151180812
4323,2.24791150024
4324,7.07921919173
4325,1.22710806447
4326,-2.43893336518
4327,0.778614655467
4328,6.38697128951
4329,4.91920535147
4330,-1.89302639737
4331,-0.511567471285
4332,3.50849128094
4333,3.26638491976
4334,0.134627773666
4335,-3.10659821787
4336,-6.93910392437
4337,1.93253352133
4338,7.00089267649
4339,1.23572112153
4340,4.25168284803
4341,13.2682418584
4342,-2.55949789272
4343,-3.89846156963
4344,3.4006908783
4345,-1.84419281808
4346,-3.55652472815
4347,8.10520841087
4348,-9.13061926632
4349,-2.58301467444
4350,-3.1874451458
4351,3.63858200207
4352,8.05045164859
4353,5.27213504097
4354,7.21389707071
4355,0.787443499887
4356,-2.50106547553
4357,2.25263540026
4358,3.11578491376
4359,-0.426465536107
4360,1.02947566996
4361,7.83365475469
4362,-3.2039615777
4363,0.393945790367
4364,9.12204275412
4365,2.31041650054
4366,-3.71908642079
4367,3.98657732207
4368,4.98178902257
4369,6.47347998484
4370,-4.75733461593
4371,-6.95400537407
4372,-1.8345818998
4373,9.37358272666
4374,3.46143877758
4375,-2.45541784088
4376,-3.92593148155
4377,1.13687747873
4378,1.34075660585
4379,-1.5989572087
4380,8.38465543857
4381,-1.42716730271
4382,-3.98458745599
4383,-3.48248399593
4384,0.857896418648
4385,-10.2524455945
4386,2.3695595284
4387,-8.62855336369
4388,6.64300892516
4389,5.54801191566
4390,0.0430114797373
4391,0.226512274932
4392,2.03941111862
4393,-1.48297811753
4394,15.819256965
4395,12.1210011486
4396,-3.20853078805
4397,-1.54518512081
4398,2.34233124509
4399,8.72758399121
4400,6.43241022557
4401,0.508530933849
4402,7.76149350782
4403,7.4119458751
4404,-0.817777463443
4405,5.63826170556
4406,-4.05698149656
4407,-1.42865973178
4408,-1.76209675738
4409,4.05561353864
4410,6.6820859156
4411,-1.18620883566
4412,-2.24347577004
4413,3.47209384
4414,-3.85233788275
4415,-2.05574818527
4416,-1.41399630563
4417,1.77066190509
4418,-2.60181904066
4419,10.5035310599
4420,8.05542497579
4421,0.53963532573
4422,-2.16634751504
4423,-0.485065070543
4424,-1.66539568016
4425,2.33453986119
4426,1.10735388609
4427,1.62429489679
4428,1.06127310339
4429,-1.5271848171
4430,4.55528994201
4431,-7.2895547833
4432,5.23786576267
4433,6.48112759738
4434,7.02040755251
4435,-12.7179977757
4436,2.02707833208
4437,1.88592009723
4438,7.68939759535
4439,-0.906004209125
4440,2.32366912786
4441,0.642623991135
4442,11.3501543739
4443,2.3345375648
4444,2.51739332563
4445,-9.03169394063
4446,12.1816640032
4447,-4.9469482054
4448,0.753644591918
4449,1.10992533296
4450,-2.33576047475
4451,7.76963388855
4452,11.3048844237
4453,10.1226556394
4454,-5.36553883839
4455,5.85711219798
4456,0.741955896299
4457,0.495973085912
4458,1.96928253491
4459,0.450146266562
4460,1.23599952284
4461,8.6553749641
4462,-0.499814748964
4463,3.83090528116
4464,0.443853470465
4465,-0.0341947667098
4466,-0.593229425332
4467,4.12802964894
4468,-4.32102184434
4469,-1.93030375525
4470,-9.39802319595
4471,-1.88067680723
4472,1.4734283804
4473,1.5746944945
4474,-0.134608535472
4475,6.00961114865
4476,2.67791360456
4477,-12.3766301556
4478,2.3521600299
4479,3.91555039608
4480,-6.36177079965
4481,1.59850564054
4482,-1.06235191692
4483,7.3574084642
4484,2.07664315519
4485,-4.35631410279
4486,-5.42443901774
4487,-4.11290983525
4488,-2.13211169146
4489,-4.49081052047
4490,3.7428324967
4491,6.66143219237
4492,6.9628828872
4493,-5.2526797426
4494,1.51462492989
4495,8.65043657056
4496,1.03445204735
4497,7.14880365709
4498,-0.613443488616
4499,-3.93103193848
4500,3.43992064409
4501,-2.55198902223
4502,3.99074052321
4503,4.61602489429
4504,-0.904091738397
4505,4.83878812427
4506,11.1232720204
4507,0.90147984761
4508,10.4509152033
4509,3.15016373114
4510,10.452628512
4511,-3.07555475421
4512,15.3556163046
4513,11.0507030961
4514,3.35856649803
4515,2.35782675016
4516,-0.0667948659678
4517,-14.7440660591
4518,-0.677656044041
4519,-1.73114580846
4520,-1.17157332725
4521,-9.66878020485
4522,2.06852562291
4523,-2.31296421989
4524,8.84540226923
4525,9.30156860853
4526,0.922019420086
4527,1.45890316102
4528,5.63615452406
4529,9.85266652058
4530,6.52507035009
4531,-1.81528661098
4532,1.11322158669
4533,-5.35848575597
4534,-1.36688108456
4535,6.07061290718
4536,0.427335389893
4537,8.74139466179
4538,-4.13520291654
4539,2.51400789474
4540,-1.05594514851
4541,7.69953782112
4542,3.88197426026
4543,2.61243749221
4544,-2.17533618841
4545,-3.12725094421
4546,-1.70289561442
4547,-0.758919555731
4548,-2.24307584104
4549,-1.40549147168
4550,-0.167884578158
4551,0.455922253327
4552,2.19872814198
4553,4.60367590112
4554,-6.02147126149
4555,0.9869966198
4556,0.743331911233
4557,10.9725819684
4558,-3.37019654395
4559,-7.82269086738
4560,-1.25416469201
4561,-3.57014630887
4562,-5.20885017687
4563,-2.47299951644
4564,-0.0973447013892
4565,-10.6584726733
4566,1.9546825997
4567,-7.25230834744
4568,-0.874892600023
4569,1.00609733496
4570,5.0203427245
4571,-6.89586012563
4572,1.16328965527
4573,7.1996378357
4574,4.67981247394
4575,-0.135840790016
4576,2.88362267985
4577,-2.66627535087
4578,-5.17081689432
4579,4.98654736639
4580,1.56118824599
4581,0.455277762553
4582,0.675697759145
4583,-2.96181508939
4584,1.40871490172
4585,4.8266284383
4586,-2.71428188146
4587,-20.6732362816
4588,-13.7676093817
4589,-4.0331680204
4590,4.87680722063
4591,-2.61057162361
4592,-9.02560723769
4593,2.81305339664
4594,-3.03958077036
4595,21.1558227927
4596,-7.97842331844
4597,0.0804250009118
4598,-3.6690939927
4599,-2.72218654037
4600,-7.11603499016
4601,3.22651905621
4602,3.7721640509
4603,4.04829162581
4604,-3.94094803118
4605,2.11233333952
4606,-4.09167822475
4607,-15.1618289125
4608,11.8472269191
4609,2.11809098929
4610,10.3714156406
4611,7.61192119039
4612,0.157345146518
4613,-0.318947703303
4614,-0.343973112689
4615,-4.23608074401
4616,0.420293333806
4617,6.02719163032
4618,6.13698292857
4619,-0.448174936334
4620,-5.95270986617
4621,-6.11976080095
4622,0.693977405524
4623,4.65268616017
4624,-3.99968083546
4625,-0.505630306236
4626,1.51701608875
4627,-3.26072257278
4628,2.31080488106
4629,-6.02032311296
4630,0.100646884343
4631,-3.62291000421
4632,8.62192906165
4633,-3.08488259065
4634,-2.61614792773
4635,-7.17627361652
4636,3.69816525713
4637,-1.02907195109
4638,-6.59474557123
4639,8.36857884979
4640,5.81450239343
4641,7.39010849729
4642,3.0370823715
4643,-0.223057159693
4644,-7.23834499002
4645,-4.04812223396
4646,3.05676027968
4647,6.64425925292
4648,5.22156452055
4649,-18.8555211549
4650,-0.731032111296
4651,-2.76548851948
4652,2.75434267143
4653,7.58181844825
4654,3.09045197777
4655,-0.602351753765
4656,2.04474505719
4657,-3.5111021653
4658,-4.46805437619
4659,7.33454290842
4660,7.52292966473
4661,6.05677911957
4662,-5.16151932589
4663,3.1698843325
4664,1.46431158193
4665,-2.72451191515
4666,-11.5239416034
4667,4.89508044428
4668,-2.47497667882
4669,1.72472857608
4670,-8.87576568235
4671,-2.30072731176
4672,-8.13883568328
4673,-2.34495032814
4674,-10.5100888928
4675,-11.250418303
4676,0.369401552997
4677,-3.33877290563
4678,5.43211402866
4679,4.93519765696
4680,-14.0411992933
4681,-7.28830567473
4682,7.34154889494
4683,3.52866423411
4684,-1.17828928484
4685,-11.0417871787
4686,1.87373184714
4687,1.62625589145
4688,-0.687819225208
4689,1.96283849053
4690,-0.735327208127
4691,2.64824295533
4692,0.149361242601
4693,-7.90846608383
4694,-0.69347533905
4695,3.06075029278
4696,0.860045750211
4697,3.31000384437
4698,3.13067375154
4699,4.41462013069
4700,-5.46097722653
4701,3.46921896218
4702,-0.346122971902
4703,-6.76807053177
4704,-3.85083046094
4705,0.467634968191
4706,6.25721331472
4707,-0.462099457909
4708,11.3824010132
4709,4.34593721651
4710,6.31437848567
4711,5.37009804002
4712,2.14871245056
4713,-1.60052679406
4714,10.4445575824
4715,1.93046375789
4716,-4.80871463412
4717,4.67229172383
4718,5.87249536126
4719,-2.79993202713
4720,0.642749521877
4721,9.57750786162
4722,4.36768739556
4723,0.901747503582
4724,2.45112877173
4725,-0.0179474774472
4726,0.236406403442
4727,-2.37433044616
4728,8.13017746969
4729,-1.53658586343
4730,-6.06195425494
4731,2.56408830522
4732,2.41975081773
4733,5.25438607384
4734,-0.382891792934
4735,0.416198988651
4736,-2.03495173397
4737,-0.163295897449
4738,-2.91822235967
4739,1.34697906704
4740,5.41680847399
4741,2.47922212507
4742,5.58263848476
4743,4.9435268449
4744,1.99398609753
4745,5.35843577166
4746,-3.71274215285
4747,5.49613337406
4748,-0.523771644792
4749,-0.0403866462368
4750,2.2322606611
4751,2.49692282499
4752,6.63626875781
4753,-1.19380452056
4754,-3.24147257404
4755,-2.34693941033
4756,-2.083438128
4757,7.4975092107
4758,3.52275374684
4759,-3.60660731059
4760,1.17769584764
4761,3.12703266921
4762,-6.07304167884
4763,8.37340201071
4764,-3.3783236148
4765,-10.3808572979
4766,4.04196228477
4767,-1.18320066976
4768,6.80116226343
4769,6.33972359006
4770,6.99488353926
4771,-11.1293561092
4772,-3.4439379662
4773,1.61796309424
4774,-5.11281857939
4775,3.53585246447
4776,6.67858572325
4777,-4.37112308032
4778,5.38334174632
4779,4.48802488131
4780,4.08665480024
4781,5.13309859155
4782,1.57266113026
4783,-0.285828747368
4784,2.18760117266
4785,4.97388925819
4786,-3.24776658872
4787,-1.16847427206
4788,6.21776408865
4789,-5.97021970436
4790,5.23016512416
4791,3.35272376292
4792,0.0301391450332
4793,13.8896821625
4794,-8.31636098216
4795,-0.265985469409
4796,-0.996859280448
4797,6.41827542845
4798,-4.32200595904
4799,3.9403294165
4800,2.76841799917
4801,4.99659347025
4802,-1.63695195855
4803,3.41982783222
4804,5.35730333137
4805,2.29787526586
4806,-3.30300616701
4807,3.58528067673
4808,5.10981664224
4809,-7.38029018517
4810,0.409913420179
4811,-0.254088334172
4812,7.44536996609
4813,-2.06870315812
4814,2.19388860863
4815,-3.11151966469
4816,2.31124513857
4817,4.72566643874
4818,2.86118833687
4819,-1.8865456383
4820,-8.88292158299
4821,0.435109876816
4822,2.79841919738
4823,2.14463655002
4824,6.09187733261
4825,6.46420782659
4826,-0.220366239316
4827,2.43341325061
4828,-4.68889115305
4829,1.58530147823
4830,1.04935566592
4831,2.92601454177
4832,2.26288165119
4833,-0.46555690938
4834,-7.77900783813
4835,-0.549425728414
4836,3.21736948394
4837,3.2934799221
4838,-2.10290845799
4839,-2.03093340711
4840,3.55015876155
4841,0.189471068978
4842,2.90822297449
4843,15.2609621396
4844,0.427985825791
4845,0.282203915656
4846,7.73286736487
4847,5.0439475799
4848,5.33580246172
4849,3.14904888032
4850,2.53916093936
4851,-13.2834475071
4852,-2.80112389271
4853,-6.92370901622
4854,-2.1786475151
4855,-6.97548021281
4856,-4.5775063378
4857,-2.36505456685
4858,-2.22200789398
4859,8.62865560424
4860,7.06256764273
4861,0.801991490781
4862,4.04233438635
4863,2.96812481693
4864,5.41504658659
4865,0.509689866513
4866,-1.11567198523
4867,3.49850708712
4868,9.21736760351
4869,1.27714801694
4870,-3.71475574387
4871,1.30706935027
4872,6.9294986626
4873,7.01837034407
4874,-1.07804455825
4875,1.86199840317
4876,1.83918926457
4877,-6.30638826221
4878,-3.82906272242
4879,0.859437889416
4880,-2.48266184034
4881,0.247631891766
4882,-0.392875109637
4883,2.98555884598
4884,5.90852274893
4885,8.45815728066
4886,9.33142216597
4887,-1.12567706411
4888,-0.478341769922
4889,6.49768762307
4890,1.10958586869
4891,9.76922826668
4892,-2.36671532191
4893,-1.36719281668
4894,-9.03274045053
4895,1.40449598157
4896,-3.09455416711
4897,1.32802970897
4898,0.352790568832
4899,4.63563265568
4900,1.51099861077
4901,-3.40658103363
4902,-2.41309735807
4903,5.24971008615
4904,6.47320135641
4905,11.2586650345
4906,0.459251634906
4907,-5.48885233313
4908,-0.0440217977524
4909,1.82896081602
4910,5.30829066177
4911,2.08033114657
4912,10.1815577572
4913,0.412618161185
4914,-0.983332717505
4915,4.27041473435
4916,1.08477515527
4917,-4.05813832452
4918,-9.38910298913
4919,0.671277605943
4920,7.44654003413
4921,3.53542948845
4922,2.30055904528
4923,2.88366670322
4924,6.27423438058
4925,-16.5275105302
4926,-0.944984796436
4927,5.63752974037
4928,-3.29225226162
4929,0.795634558178
4930,10.7336814014
4931,-5.9877905998
4932,5.34009594175
4933,-3.72360204008
4934,0.428508484388
4935,5.6252158087
4936,5.63546907082
4937,3.28824076121
4938,-7.0620045084
4939,-1.71305693023
4940,4.32035236446
4941,5.08937162732
4942,-5.75226495214
4943,-2.35155001016
4944,0.435631736119
4945,2.61612346995
4946,-3.74939623613
4947,1.35677907802
4948,-9.4572328747
4949,3.50578391364
4950,4.64595354947
4951,-2.38666693856
4952,4.02641894548
4953,-7.28669975158
4954,-2.03218316076
4955,5.6199542268
4956,5.54965289856
4957,2.92593859615
4958,-1.92356616201
4959,6.2861446647
4960,2.47225776837
4961,1.48855323912
4962,1.95221760519
4963,9.65970802276
4964,5.84506734975
4965,1.70768984691
4966,5.39255844088
4967,2.85086792698
4968,2.1179596363
4969,-7.33342230599
4970,-1.26943651555
4971,-1.02315484888
4972,-3.63073215214
4973,-8.54347976161
4974,3.17479629603
4975,7.29008048188
4976,5.73112004818
4977,-6.88771498669
4978,4.93153551948
4979,-1.15538413046
4980,5.9521075908
4981,1.05975312169
4982,6.00092966037
4983,6.03933247875
4984,5.19613163197
4985,4.06413690648
4986,-3.23167704065
4987,5.36683415383
4988,4.91843442521
4989,-4.41349488981
4990,6.02584230119
4991,4.95427720173
4992,-9.41494488106
4993,7.68167175096
4994,-2.80066079459
4995,-1.37155675762
4996,-3.12023281466
4997,0.0133352381421
4998,4.2896201258
4999,0.65123395452
